account_id,home_city,home_lat,home_lon,credit_limit,account_age_days,is_dormant
ACC-B5FDB3F118,Los Angeles,34.0522,-118.2437,10000,2846,False
ACC-D3A341A375,Seattle,47.6062,-122.3321,25000,2462,False
ACC-536D1A7154,San Francisco,37.7749,-122.4194,25000,3396,False
ACC-781F8A1ED1,San Antonio,29.4241,-98.4936,10000,3507,False
ACC-6A40A8A786,San Antonio,29.4241,-98.4936,10000,2581,False
ACC-97A5748AAD,Denver,39.7392,-104.9903,25000,1372,False
ACC-CD01A7DCAE,Los Angeles,34.0522,-118.2437,5000,2198,False
ACC-6E9FBD3D71,Miami,25.7617,-80.1918,25000,1568,False
ACC-7C92C2D239,Houston,29.7604,-95.3698,10000,2307,False
ACC-B39D43A461,Los Angeles,34.0522,-118.2437,5000,2969,False
ACC-FE42263DBA,San Diego,32.7157,-117.1611,1000,1366,True
ACC-3A0FBD31B8,Atlanta,33.749,-84.388,25000,1860,False
ACC-87B3374870,Seattle,47.6062,-122.3321,1000,195,False
ACC-FE68ADF5CD,Seattle,47.6062,-122.3321,5000,2696,False
ACC-91FF06FC9F,Miami,25.7617,-80.1918,5000,1803,False
ACC-9A3F2911EF,Seattle,47.6062,-122.3321,5000,1694,False
ACC-8A27ED544C,San Diego,32.7157,-117.1611,5000,1957,False
ACC-85AA2A6B20,Los Angeles,34.0522,-118.2437,10000,810,True
ACC-2C8A164498,Denver,39.7392,-104.9903,1000,2194,False
ACC-9A5A54054D,San Antonio,29.4241,-98.4936,25000,2727,False
ACC-75BBD99A1E,San Diego,32.7157,-117.1611,25000,1295,False
ACC-8B1066CF0F,Philadelphia,39.9526,-75.1652,5000,504,False
ACC-61A2381F73,Chicago,41.8781,-87.6298,5000,1430,True
ACC-C6A1C5CED5,Boston,42.3601,-71.0589,10000,748,False
ACC-F6F86351CF,Seattle,47.6062,-122.3321,5000,1383,False
ACC-57E850342F,San Francisco,37.7749,-122.4194,5000,2299,False
ACC-68C1E0A7C6,San Antonio,29.4241,-98.4936,50000,440,False
ACC-D3183B8378,Denver,39.7392,-104.9903,50000,2735,False
ACC-7853623FAF,Dallas,32.7767,-96.797,25000,843,False
ACC-498F5ADB28,San Antonio,29.4241,-98.4936,5000,3268,False
ACC-CEE8207E8D,San Antonio,29.4241,-98.4936,10000,2681,True
ACC-A114645349,Houston,29.7604,-95.3698,10000,1016,False
ACC-AB61AFDC75,Los Angeles,34.0522,-118.2437,5000,2068,False
ACC-40F0233E2C,Dallas,32.7767,-96.797,10000,430,False
ACC-21EF22A9BF,Boston,42.3601,-71.0589,1000,391,False
ACC-66AE511E06,New York,40.7128,-74.006,5000,3490,False
ACC-7D254D2181,Denver,39.7392,-104.9903,10000,2934,False
ACC-326A41D16E,Denver,39.7392,-104.9903,5000,589,True
ACC-5F87062CB3,Phoenix,33.4484,-112.074,5000,1053,False
ACC-14790D8018,San Francisco,37.7749,-122.4194,25000,745,False
ACC-B6B48F3B51,Chicago,41.8781,-87.6298,50000,1460,False
ACC-3923853D56,Seattle,47.6062,-122.3321,10000,1084,False
ACC-9822C3C0AC,Miami,25.7617,-80.1918,25000,1217,False
ACC-3FCBCB4F59,Philadelphia,39.9526,-75.1652,50000,1946,False
ACC-3F5236DBE4,Los Angeles,34.0522,-118.2437,5000,714,False
ACC-00001999D4,Atlanta,33.749,-84.388,10000,3225,True
ACC-AAE2A5AF46,San Antonio,29.4241,-98.4936,5000,2664,False
ACC-9C58D66D7B,Boston,42.3601,-71.0589,1000,2783,False
ACC-3A415D3E6A,Miami,25.7617,-80.1918,25000,643,False
ACC-CB724116AB,Seattle,47.6062,-122.3321,10000,2593,False
ACC-56A35E70F7,Seattle,47.6062,-122.3321,10000,3057,False
ACC-A8FE3DBD8D,Chicago,41.8781,-87.6298,5000,664,True
ACC-7C43860F0E,Philadelphia,39.9526,-75.1652,5000,2749,False
ACC-41B1FC94FD,San Diego,32.7157,-117.1611,25000,1324,False
ACC-281FF2C405,San Diego,32.7157,-117.1611,1000,2881,False
ACC-D395F9F409,New York,40.7128,-74.006,5000,1761,False
ACC-09A7CC3824,Dallas,32.7767,-96.797,5000,2933,False
ACC-3F33F790D8,Chicago,41.8781,-87.6298,10000,563,False
ACC-0188376CED,Seattle,47.6062,-122.3321,10000,1438,False
ACC-E168C2E45C,Miami,25.7617,-80.1918,10000,1019,False
ACC-676C7C3F16,Boston,42.3601,-71.0589,1000,929,False
ACC-10D5B1DD9F,Seattle,47.6062,-122.3321,5000,1146,False
ACC-788020A3CB,Philadelphia,39.9526,-75.1652,25000,1414,False
ACC-A982F93290,Atlanta,33.749,-84.388,10000,490,False
ACC-02978BD78F,San Antonio,29.4241,-98.4936,10000,2589,False
ACC-9556DAE6A1,Phoenix,33.4484,-112.074,10000,2021,False
ACC-F8BFA3A9C5,Boston,42.3601,-71.0589,25000,3031,False
ACC-8BBF34B25E,Philadelphia,39.9526,-75.1652,1000,2582,False
ACC-9E8C7FE0BE,Los Angeles,34.0522,-118.2437,5000,569,False
ACC-0785CA9D6B,San Diego,32.7157,-117.1611,10000,283,False
ACC-1ACE69FA87,Seattle,47.6062,-122.3321,5000,1560,False
ACC-42D818DDCF,Chicago,41.8781,-87.6298,25000,1771,False
ACC-AB40E77047,San Antonio,29.4241,-98.4936,10000,899,False
ACC-241569440A,Los Angeles,34.0522,-118.2437,25000,2861,False
ACC-C9C4943633,Miami,25.7617,-80.1918,25000,2135,False
ACC-92BBDD0BFD,San Diego,32.7157,-117.1611,10000,2737,False
ACC-98160B980B,Phoenix,33.4484,-112.074,25000,424,False
ACC-BAACB25D98,Houston,29.7604,-95.3698,10000,2980,False
ACC-5D3164499A,Dallas,32.7767,-96.797,25000,776,False
ACC-0EE17AEBFA,Miami,25.7617,-80.1918,5000,1652,True
ACC-893042D4D5,Atlanta,33.749,-84.388,10000,1620,False
ACC-16A6E8633E,San Antonio,29.4241,-98.4936,10000,3000,False
ACC-6A1D85F2ED,Chicago,41.8781,-87.6298,5000,1032,False
ACC-A9F58C216A,Denver,39.7392,-104.9903,5000,901,False
ACC-48B8FC6649,San Francisco,37.7749,-122.4194,25000,1259,False
ACC-BE28F7EF76,Miami,25.7617,-80.1918,10000,1336,False
ACC-0986DBAB1D,Los Angeles,34.0522,-118.2437,5000,687,False
ACC-EC2CB33053,Phoenix,33.4484,-112.074,5000,668,False
ACC-666BC01C2C,Seattle,47.6062,-122.3321,5000,867,False
ACC-591594EFDC,Denver,39.7392,-104.9903,1000,1722,False
ACC-F231332BAC,San Antonio,29.4241,-98.4936,25000,1272,False
ACC-5B11F072A0,Denver,39.7392,-104.9903,10000,1449,False
ACC-CE589DC5B6,Denver,39.7392,-104.9903,5000,2632,False
ACC-10B06CFA07,Philadelphia,39.9526,-75.1652,10000,902,False
ACC-40031688BE,Boston,42.3601,-71.0589,1000,3323,False
ACC-663E99E3CA,Phoenix,33.4484,-112.074,5000,2751,False
ACC-8E9A99090D,Houston,29.7604,-95.3698,10000,662,True
ACC-71CF1611BF,Miami,25.7617,-80.1918,10000,1166,False
ACC-0FEF62A6AE,San Francisco,37.7749,-122.4194,50000,694,False
ACC-DE762533BE,Chicago,41.8781,-87.6298,10000,1017,False
ACC-B75C23014B,Denver,39.7392,-104.9903,10000,1353,False
ACC-E01857A3CA,Chicago,41.8781,-87.6298,25000,503,False
ACC-CDFFF9D3E6,Denver,39.7392,-104.9903,25000,82,False
ACC-B39FD39987,New York,40.7128,-74.006,10000,1618,False
ACC-E2290821E6,Seattle,47.6062,-122.3321,50000,2567,False
ACC-C2A42B7E94,Seattle,47.6062,-122.3321,25000,1126,False
ACC-24B8DEF21E,Seattle,47.6062,-122.3321,25000,3144,False
ACC-94F11493B4,San Francisco,37.7749,-122.4194,5000,1366,False
ACC-4CC7FC2EC5,San Diego,32.7157,-117.1611,10000,3290,False
ACC-A57C3E2C11,Miami,25.7617,-80.1918,10000,884,False
ACC-75C1769F7F,Phoenix,33.4484,-112.074,10000,1982,False
ACC-0E1E986F58,Seattle,47.6062,-122.3321,10000,2792,False
ACC-067D82399A,Dallas,32.7767,-96.797,50000,243,False
ACC-E8771E0685,San Antonio,29.4241,-98.4936,50000,3396,False
ACC-D30BABEBFF,San Diego,32.7157,-117.1611,5000,1351,True
ACC-F05E1704BE,Dallas,32.7767,-96.797,10000,1832,False
ACC-FA356EAF93,New York,40.7128,-74.006,10000,2304,False
ACC-1380D3A9DC,Chicago,41.8781,-87.6298,5000,2357,True
ACC-C6A4BDA724,Houston,29.7604,-95.3698,5000,115,False
ACC-E78035A3FE,Los Angeles,34.0522,-118.2437,1000,3169,False
ACC-29AF0A9B21,San Antonio,29.4241,-98.4936,25000,2287,False
ACC-A7BBB42C88,Miami,25.7617,-80.1918,10000,3645,True
ACC-E32F485F19,San Francisco,37.7749,-122.4194,50000,1736,False
ACC-E2AB0E620B,San Diego,32.7157,-117.1611,10000,2250,False
ACC-FE76511D43,Denver,39.7392,-104.9903,50000,1626,False
ACC-3E0CAAB87A,Dallas,32.7767,-96.797,10000,3251,False
ACC-154AD0D338,Los Angeles,34.0522,-118.2437,25000,3043,False
ACC-A901C359C4,Seattle,47.6062,-122.3321,1000,3319,False
ACC-B63B7E6DE1,Dallas,32.7767,-96.797,10000,1855,False
ACC-9AEBB21B21,San Francisco,37.7749,-122.4194,25000,2895,True
ACC-8598173343,Dallas,32.7767,-96.797,25000,1328,False
ACC-83BF305FD4,Dallas,32.7767,-96.797,25000,1698,False
ACC-16AB19ED2E,Los Angeles,34.0522,-118.2437,1000,2781,False
ACC-3C923FC7BE,Dallas,32.7767,-96.797,5000,323,False
ACC-FB26BE1B9E,Seattle,47.6062,-122.3321,1000,2601,False
ACC-B1B354C5E7,Phoenix,33.4484,-112.074,5000,87,False
ACC-44A6910603,San Francisco,37.7749,-122.4194,10000,2131,False
ACC-DF2474466E,New York,40.7128,-74.006,10000,1757,False
ACC-D9401B741A,Philadelphia,39.9526,-75.1652,25000,1726,False
ACC-7768D5BC20,San Antonio,29.4241,-98.4936,25000,1819,False
ACC-527C01BB98,Atlanta,33.749,-84.388,10000,1810,False
ACC-B4E334CAC4,Houston,29.7604,-95.3698,25000,1504,False
ACC-8035A56140,Phoenix,33.4484,-112.074,1000,1663,False
ACC-E41F45314C,San Antonio,29.4241,-98.4936,5000,2086,False
ACC-915C14110B,Atlanta,33.749,-84.388,10000,2793,False
ACC-2FA887C096,Denver,39.7392,-104.9903,25000,2028,False
ACC-E7015A74CE,New York,40.7128,-74.006,1000,2355,False
ACC-E74840F629,Houston,29.7604,-95.3698,10000,3058,False
ACC-23B28408EF,Denver,39.7392,-104.9903,10000,3612,False
ACC-FEC6575015,New York,40.7128,-74.006,1000,423,False
ACC-93925058C7,Denver,39.7392,-104.9903,10000,2610,False
ACC-20703018F8,Phoenix,33.4484,-112.074,25000,845,True
ACC-A7FB77FA97,Boston,42.3601,-71.0589,10000,742,False
ACC-43F2B78028,Phoenix,33.4484,-112.074,5000,2900,False
ACC-4C7A515861,San Antonio,29.4241,-98.4936,25000,278,False
ACC-0AAAE78294,San Francisco,37.7749,-122.4194,5000,3099,False
ACC-C0A0167403,Los Angeles,34.0522,-118.2437,25000,2819,False
ACC-8626788FC2,Dallas,32.7767,-96.797,5000,3631,False
ACC-5514792A18,San Diego,32.7157,-117.1611,10000,2447,False
ACC-FF327F8192,Seattle,47.6062,-122.3321,5000,3189,True
ACC-FBF3918016,Atlanta,33.749,-84.388,5000,459,False
ACC-1F2E0FACA2,San Francisco,37.7749,-122.4194,25000,3251,False
ACC-0DF4F54DD1,San Antonio,29.4241,-98.4936,5000,610,False
ACC-A59130EC3C,San Antonio,29.4241,-98.4936,1000,1167,False
ACC-08B8DA73B5,San Antonio,29.4241,-98.4936,5000,494,False
ACC-9DF6394918,Denver,39.7392,-104.9903,10000,1484,False
ACC-9FFF78F635,Phoenix,33.4484,-112.074,25000,2741,False
ACC-9E925B2D30,Chicago,41.8781,-87.6298,50000,1000,False
ACC-AF5ED1AF7F,Philadelphia,39.9526,-75.1652,5000,3006,False
ACC-2B229DCDBE,New York,40.7128,-74.006,10000,2224,False
ACC-2B5641365A,Los Angeles,34.0522,-118.2437,5000,2306,False
ACC-FDA0571172,Los Angeles,34.0522,-118.2437,10000,3428,False
ACC-06636DA3A9,Seattle,47.6062,-122.3321,50000,1593,False
ACC-1F232D1AEA,Miami,25.7617,-80.1918,10000,1277,False
ACC-E594C286BD,Miami,25.7617,-80.1918,10000,3630,False
ACC-A2BA74300B,San Antonio,29.4241,-98.4936,5000,2046,False
ACC-1F166928B1,Miami,25.7617,-80.1918,25000,2254,False
ACC-F25D14181B,Chicago,41.8781,-87.6298,10000,1102,False
ACC-9741784218,Boston,42.3601,-71.0589,5000,809,False
ACC-D831D6806C,San Diego,32.7157,-117.1611,5000,644,False
ACC-A3537F570B,Atlanta,33.749,-84.388,1000,839,False
ACC-EF2BEA5122,Chicago,41.8781,-87.6298,5000,736,False
ACC-732CDE1941,San Diego,32.7157,-117.1611,1000,2733,False
ACC-CF009B780C,Miami,25.7617,-80.1918,10000,239,False
ACC-6AD6EB9347,San Diego,32.7157,-117.1611,10000,2308,False
ACC-2E8E3DA190,San Antonio,29.4241,-98.4936,5000,3466,False
ACC-74B36D97E4,Chicago,41.8781,-87.6298,10000,2801,False
ACC-F0AC9DC9B6,Philadelphia,39.9526,-75.1652,50000,1488,False
ACC-9F2EB9F9F7,Houston,29.7604,-95.3698,25000,245,False
ACC-8EE774F3DF,Phoenix,33.4484,-112.074,10000,3049,False
ACC-377B2B81D8,Miami,25.7617,-80.1918,5000,41,False
ACC-87DEB18E9E,San Francisco,37.7749,-122.4194,25000,2496,False
ACC-50C391A48E,San Francisco,37.7749,-122.4194,5000,2458,False
ACC-D480C5B2ED,Philadelphia,39.9526,-75.1652,5000,724,False
ACC-420DE20602,Atlanta,33.749,-84.388,25000,2708,False
ACC-9650887BA8,Los Angeles,34.0522,-118.2437,10000,665,False
ACC-43757C1A38,Philadelphia,39.9526,-75.1652,10000,846,False
ACC-2A0FCB8B67,Los Angeles,34.0522,-118.2437,10000,2969,False
ACC-4E1C7677D6,Philadelphia,39.9526,-75.1652,10000,3574,False
ACC-78BB0A294B,Atlanta,33.749,-84.388,5000,988,False
ACC-53157E852F,Philadelphia,39.9526,-75.1652,5000,3365,False
ACC-098D5F3D24,Boston,42.3601,-71.0589,5000,3336,False
ACC-3D4D21CE1A,San Diego,32.7157,-117.1611,5000,2815,False
ACC-70481534AC,Miami,25.7617,-80.1918,25000,537,False
ACC-1413138021,San Antonio,29.4241,-98.4936,5000,1113,False
ACC-BCFF799097,Houston,29.7604,-95.3698,10000,2483,False
ACC-41732A5E38,Seattle,47.6062,-122.3321,25000,3647,False
ACC-0E526EB48C,Atlanta,33.749,-84.388,25000,2978,False
ACC-80B90F8F34,Houston,29.7604,-95.3698,10000,1551,False
ACC-D0F1E01FD9,Seattle,47.6062,-122.3321,10000,881,False
ACC-FDC63F2D67,Houston,29.7604,-95.3698,50000,3506,False
ACC-1373B3377D,Miami,25.7617,-80.1918,10000,1029,False
ACC-DBFAEE3B36,Seattle,47.6062,-122.3321,25000,1268,False
ACC-D1E740E412,San Antonio,29.4241,-98.4936,25000,3521,False
ACC-855892CDE4,Seattle,47.6062,-122.3321,25000,2063,False
ACC-5FE9DD8A76,Phoenix,33.4484,-112.074,5000,987,False
ACC-DFD2E4C6FC,Los Angeles,34.0522,-118.2437,10000,49,False
ACC-575C04B5C2,Los Angeles,34.0522,-118.2437,5000,1586,False
ACC-CC98DA33E5,San Antonio,29.4241,-98.4936,10000,3599,False
ACC-B43EE0F569,Boston,42.3601,-71.0589,50000,1595,False
ACC-E7F98C4CE1,Los Angeles,34.0522,-118.2437,10000,2562,False
ACC-F12EFEE59A,San Antonio,29.4241,-98.4936,10000,945,False
ACC-E607F58949,Miami,25.7617,-80.1918,1000,2837,False
ACC-386B92CF8E,Houston,29.7604,-95.3698,50000,2838,False
ACC-8119B6D238,Miami,25.7617,-80.1918,5000,2232,False
ACC-A03C23AC4C,Phoenix,33.4484,-112.074,1000,2824,False
ACC-F3B624476B,Denver,39.7392,-104.9903,5000,2125,False
ACC-98634A72A9,Dallas,32.7767,-96.797,1000,1399,False
ACC-A12D01F8A9,Dallas,32.7767,-96.797,10000,2701,True
ACC-80C136768F,Chicago,41.8781,-87.6298,10000,3053,False
ACC-DB817E8699,San Antonio,29.4241,-98.4936,5000,3074,False
ACC-DE5CB112DB,Denver,39.7392,-104.9903,1000,801,False
ACC-BE36904CD0,New York,40.7128,-74.006,5000,2479,False
ACC-ED7BD912A3,Seattle,47.6062,-122.3321,5000,45,False
ACC-2EA613337A,San Diego,32.7157,-117.1611,1000,2100,False
ACC-466944FD46,Miami,25.7617,-80.1918,10000,2097,False
ACC-6B485A1387,San Francisco,37.7749,-122.4194,5000,1345,False
ACC-A9EAE55D7F,San Antonio,29.4241,-98.4936,5000,3628,False
ACC-B99002AAAB,Phoenix,33.4484,-112.074,5000,3226,False
ACC-47C018D056,San Francisco,37.7749,-122.4194,10000,169,False
ACC-CB226E3ECA,Chicago,41.8781,-87.6298,1000,785,False
ACC-2DAC934E3A,Dallas,32.7767,-96.797,5000,782,False
ACC-7ACF93FD24,Los Angeles,34.0522,-118.2437,25000,3279,False
ACC-D2D710B9BB,San Francisco,37.7749,-122.4194,1000,1908,False
ACC-4E7ACAA531,San Francisco,37.7749,-122.4194,10000,2668,False
ACC-C19C97053B,Los Angeles,34.0522,-118.2437,10000,2961,False
ACC-76597AC8AB,Seattle,47.6062,-122.3321,5000,2808,False
ACC-3F239768AB,San Antonio,29.4241,-98.4936,10000,352,False
ACC-E5AD8F914B,Seattle,47.6062,-122.3321,25000,538,False
ACC-01C02DED9D,New York,40.7128,-74.006,25000,1460,False
ACC-0622A1E31F,Chicago,41.8781,-87.6298,5000,1254,False
ACC-D85125419F,San Diego,32.7157,-117.1611,5000,2734,False
ACC-CE69279884,Chicago,41.8781,-87.6298,5000,595,False
ACC-154647BF92,Phoenix,33.4484,-112.074,10000,1374,False
ACC-C2E86816FF,San Francisco,37.7749,-122.4194,10000,886,False
ACC-1060B36CAC,Chicago,41.8781,-87.6298,5000,713,False
ACC-BAFECBFB72,Miami,25.7617,-80.1918,5000,655,False
ACC-3EA6C937A4,Los Angeles,34.0522,-118.2437,25000,737,False
ACC-9FA49632D8,Chicago,41.8781,-87.6298,1000,2073,False
ACC-FB56F68146,Dallas,32.7767,-96.797,10000,1514,False
ACC-16266A545C,Seattle,47.6062,-122.3321,10000,1605,False
ACC-A48590A540,Chicago,41.8781,-87.6298,5000,1765,False
ACC-44CCE67C89,Phoenix,33.4484,-112.074,1000,2712,False
ACC-3F9FD647D2,Boston,42.3601,-71.0589,5000,3149,False
ACC-4ECF60B178,Atlanta,33.749,-84.388,25000,1935,False
ACC-5CE22C18EA,Dallas,32.7767,-96.797,1000,2354,False
ACC-30E3CA57E4,San Antonio,29.4241,-98.4936,5000,2703,False
ACC-C7630E18ED,Philadelphia,39.9526,-75.1652,1000,2529,False
ACC-4059035128,San Francisco,37.7749,-122.4194,5000,516,False
ACC-53451190AE,Dallas,32.7767,-96.797,10000,3588,False
ACC-7EA51D7AAF,Phoenix,33.4484,-112.074,5000,626,False
ACC-767E2DA68A,New York,40.7128,-74.006,10000,1520,False
ACC-670E77ACE4,Chicago,41.8781,-87.6298,10000,2392,False
ACC-614E505A86,Atlanta,33.749,-84.388,25000,1490,False
ACC-A252CF2767,San Antonio,29.4241,-98.4936,1000,910,False
ACC-37DE0646EC,San Diego,32.7157,-117.1611,25000,3372,True
ACC-A5D116AADD,San Diego,32.7157,-117.1611,10000,288,False
ACC-EC3B80B87F,Seattle,47.6062,-122.3321,5000,920,False
ACC-921D1FB34C,New York,40.7128,-74.006,25000,3624,False
ACC-FA57E86B77,Los Angeles,34.0522,-118.2437,25000,2671,False
ACC-04E24E4A5B,Phoenix,33.4484,-112.074,5000,344,False
ACC-C745A60AFD,San Diego,32.7157,-117.1611,25000,2761,False
ACC-7C315A0B21,Miami,25.7617,-80.1918,10000,3539,False
ACC-751E6E1D63,San Diego,32.7157,-117.1611,10000,383,False
ACC-9DF9DA48D1,San Antonio,29.4241,-98.4936,50000,1528,False
ACC-280E7B1FCD,Atlanta,33.749,-84.388,5000,1724,False
ACC-807A96AC42,Chicago,41.8781,-87.6298,25000,504,False
ACC-8BD00847A1,Dallas,32.7767,-96.797,5000,756,False
ACC-D09B1D8BCD,Dallas,32.7767,-96.797,25000,658,False
ACC-C02FFE9036,San Diego,32.7157,-117.1611,10000,701,False
ACC-648D1E3633,Denver,39.7392,-104.9903,5000,1490,False
ACC-962940F432,Phoenix,33.4484,-112.074,10000,1709,False
ACC-DD5BF005FC,Atlanta,33.749,-84.388,5000,891,False
ACC-D607497526,Phoenix,33.4484,-112.074,1000,1077,False
ACC-CF14AD9F0E,Dallas,32.7767,-96.797,1000,725,False
ACC-6A2E1706EA,San Diego,32.7157,-117.1611,5000,2911,True
ACC-35FCB11D39,Denver,39.7392,-104.9903,1000,796,False
ACC-3E5ABAA631,San Antonio,29.4241,-98.4936,5000,3315,True
ACC-69CAAF4E28,Phoenix,33.4484,-112.074,10000,1980,True
ACC-EB607C05C8,New York,40.7128,-74.006,10000,2935,False
ACC-D6F2E76B14,Philadelphia,39.9526,-75.1652,10000,2333,False
ACC-0C6BD98DBD,Denver,39.7392,-104.9903,5000,993,False
ACC-04938DA131,New York,40.7128,-74.006,25000,2206,False
ACC-84F34F6F3E,Boston,42.3601,-71.0589,10000,1022,False
ACC-CFAEC80B23,Dallas,32.7767,-96.797,5000,459,False
ACC-FA2FC1931E,Chicago,41.8781,-87.6298,5000,952,False
ACC-E69E36161F,Phoenix,33.4484,-112.074,10000,1027,False
ACC-CC5B73B70E,Dallas,32.7767,-96.797,5000,518,False
ACC-333CC9ECD0,Phoenix,33.4484,-112.074,10000,115,False
ACC-6C432B6F96,Los Angeles,34.0522,-118.2437,50000,3446,False
ACC-077C3168AA,San Francisco,37.7749,-122.4194,1000,1888,False
ACC-4CB0E909AD,Miami,25.7617,-80.1918,1000,1485,False
ACC-E18ADFEF57,Los Angeles,34.0522,-118.2437,50000,3396,False
ACC-42EB9AED8E,Phoenix,33.4484,-112.074,10000,843,False
ACC-BD5CFB1662,Houston,29.7604,-95.3698,5000,1488,False
ACC-FA401E0C36,San Francisco,37.7749,-122.4194,25000,3094,False
ACC-73C6DB9536,Miami,25.7617,-80.1918,25000,2317,False
ACC-F18AC56B26,Miami,25.7617,-80.1918,10000,1475,False
ACC-4F1371ECDB,Atlanta,33.749,-84.388,10000,956,False
ACC-883298B901,Seattle,47.6062,-122.3321,5000,157,False
ACC-A53D4BA57B,Phoenix,33.4484,-112.074,1000,337,True
ACC-1B9AB85585,Los Angeles,34.0522,-118.2437,10000,616,False
ACC-B68A5F7B9F,San Francisco,37.7749,-122.4194,5000,2877,False
ACC-70380F06D8,Boston,42.3601,-71.0589,10000,2344,False
ACC-1A32879FEE,Atlanta,33.749,-84.388,25000,1599,False
ACC-8CA4260792,Houston,29.7604,-95.3698,1000,2864,False
ACC-BFAE76F773,Houston,29.7604,-95.3698,10000,612,False
ACC-29B8ACF75E,New York,40.7128,-74.006,5000,793,False
ACC-E9BC768164,Chicago,41.8781,-87.6298,25000,1451,False
ACC-8F4B65DAA8,Dallas,32.7767,-96.797,5000,3350,False
ACC-E9E65ADE88,Dallas,32.7767,-96.797,10000,2253,False
ACC-FE1BA001FA,Philadelphia,39.9526,-75.1652,10000,3110,False
ACC-A5BA070086,Phoenix,33.4484,-112.074,5000,928,False
ACC-1B98A324D9,Denver,39.7392,-104.9903,10000,3101,False
ACC-33A041DB1E,San Antonio,29.4241,-98.4936,10000,292,False
ACC-A891AE788C,Denver,39.7392,-104.9903,10000,854,False
ACC-CD941331AA,Atlanta,33.749,-84.388,25000,1923,False
ACC-EE8168C79F,Phoenix,33.4484,-112.074,50000,212,False
ACC-729EB03E37,Houston,29.7604,-95.3698,10000,3136,False
ACC-21B4CAF37F,Atlanta,33.749,-84.388,10000,3170,False
ACC-0DC87A165E,San Francisco,37.7749,-122.4194,1000,1990,False
ACC-316FB3A2D4,Phoenix,33.4484,-112.074,25000,1136,False
ACC-FEEAC36C50,San Francisco,37.7749,-122.4194,10000,388,False
ACC-8431049173,San Diego,32.7157,-117.1611,10000,2270,False
ACC-34637A29CD,Boston,42.3601,-71.0589,1000,1976,False
ACC-7F11B73D9A,Houston,29.7604,-95.3698,25000,2781,False
ACC-FF3E15D267,Atlanta,33.749,-84.388,5000,2211,False
ACC-AD1F172F63,Atlanta,33.749,-84.388,10000,494,False
ACC-97780FD163,Chicago,41.8781,-87.6298,5000,470,False
ACC-8680D7C78B,Chicago,41.8781,-87.6298,50000,2856,True
ACC-DB94E2B00C,San Diego,32.7157,-117.1611,5000,605,False
ACC-077345072B,New York,40.7128,-74.006,5000,3427,False
ACC-3F11021CC4,Phoenix,33.4484,-112.074,25000,413,False
ACC-8BC9D102D3,San Antonio,29.4241,-98.4936,25000,2666,False
ACC-3ACE44E372,Atlanta,33.749,-84.388,5000,3560,False
ACC-990644D954,Atlanta,33.749,-84.388,10000,1627,False
ACC-473A47AE74,Chicago,41.8781,-87.6298,10000,235,False
ACC-2465461648,Boston,42.3601,-71.0589,25000,3203,False
ACC-4D4B15C4BC,Los Angeles,34.0522,-118.2437,5000,708,False
ACC-BE17B497B9,Seattle,47.6062,-122.3321,10000,1939,False
ACC-A29162CE3A,Denver,39.7392,-104.9903,10000,3594,False
ACC-5429804580,Boston,42.3601,-71.0589,10000,2726,False
ACC-13DD8E0D6B,Houston,29.7604,-95.3698,25000,197,False
ACC-675D9D4B50,Boston,42.3601,-71.0589,10000,3000,False
ACC-7A1548A39B,Los Angeles,34.0522,-118.2437,5000,613,False
ACC-131FB9B461,San Diego,32.7157,-117.1611,25000,2742,False
ACC-FC974CC26A,San Diego,32.7157,-117.1611,25000,2277,False
ACC-412BC26AD3,Phoenix,33.4484,-112.074,25000,1072,False
ACC-0547997022,New York,40.7128,-74.006,1000,1563,False
ACC-99659853AB,Seattle,47.6062,-122.3321,5000,456,False
ACC-CFD4F79F91,Philadelphia,39.9526,-75.1652,10000,3602,False
ACC-A924D604F7,San Francisco,37.7749,-122.4194,1000,892,False
ACC-AB02B690C9,San Antonio,29.4241,-98.4936,50000,1147,False
ACC-C10E34962A,Philadelphia,39.9526,-75.1652,5000,1850,False
ACC-4E9406BB46,Boston,42.3601,-71.0589,10000,2464,False
ACC-B849CA9714,Los Angeles,34.0522,-118.2437,25000,1859,False
ACC-EF030BD951,Seattle,47.6062,-122.3321,5000,1858,False
ACC-0788FC153D,Seattle,47.6062,-122.3321,5000,2139,False
ACC-740A999EA4,Philadelphia,39.9526,-75.1652,10000,3134,False
ACC-BB3CAA0D82,Houston,29.7604,-95.3698,10000,1460,False
ACC-23398063AF,New York,40.7128,-74.006,10000,3042,False
ACC-B8A8DF0237,Atlanta,33.749,-84.388,10000,2878,False
ACC-9388EAF6D3,Atlanta,33.749,-84.388,25000,3508,False
ACC-7493587687,Houston,29.7604,-95.3698,10000,3335,True
ACC-DEB77485B9,New York,40.7128,-74.006,5000,2919,True
ACC-13D848445D,Los Angeles,34.0522,-118.2437,5000,923,False
ACC-A50CB55660,Los Angeles,34.0522,-118.2437,5000,2832,False
ACC-ADF54F3A25,Denver,39.7392,-104.9903,5000,2696,True
ACC-4226E18587,Boston,42.3601,-71.0589,5000,1077,False
ACC-3EDA462A38,Chicago,41.8781,-87.6298,10000,2484,False
ACC-805B6864F5,Seattle,47.6062,-122.3321,5000,945,False
ACC-B0DC0FA95E,Chicago,41.8781,-87.6298,50000,1923,False
ACC-832D8C0991,Philadelphia,39.9526,-75.1652,5000,2914,False
ACC-7DEDAD9F75,Dallas,32.7767,-96.797,1000,712,True
ACC-B32EA1B1F2,Miami,25.7617,-80.1918,25000,1249,False
ACC-91965DA409,Boston,42.3601,-71.0589,25000,2908,False
ACC-99D7582BC4,New York,40.7128,-74.006,5000,1672,False
ACC-EECA964BFD,Chicago,41.8781,-87.6298,5000,3507,False
ACC-7215FCF05C,Phoenix,33.4484,-112.074,5000,58,False
ACC-C035E1EB1F,Phoenix,33.4484,-112.074,10000,2643,False
ACC-A9A35E12C1,Atlanta,33.749,-84.388,10000,2977,False
ACC-1937D3F7C4,Seattle,47.6062,-122.3321,5000,3352,False
ACC-99F400A30B,Phoenix,33.4484,-112.074,1000,597,False
ACC-61CD3B87D9,Atlanta,33.749,-84.388,10000,3592,False
ACC-AD07765B15,San Diego,32.7157,-117.1611,50000,1450,False
ACC-430422225C,San Diego,32.7157,-117.1611,10000,1304,False
ACC-DA539EB73A,San Antonio,29.4241,-98.4936,10000,1317,False
ACC-4F916CA7B6,Chicago,41.8781,-87.6298,5000,2340,False
ACC-9D62313175,Atlanta,33.749,-84.388,5000,2416,False
ACC-5224B92067,New York,40.7128,-74.006,5000,1745,False
ACC-C2757BA095,Chicago,41.8781,-87.6298,25000,287,False
ACC-A3CDA73184,Houston,29.7604,-95.3698,25000,3601,False
ACC-6255BF6A69,Phoenix,33.4484,-112.074,25000,834,False
ACC-E6BFA5DE2E,Los Angeles,34.0522,-118.2437,50000,369,False
ACC-CD0E4C9FDA,New York,40.7128,-74.006,50000,2192,False
ACC-0B0A30C73B,Miami,25.7617,-80.1918,50000,1522,False
ACC-F94D07C61F,Atlanta,33.749,-84.388,1000,2258,False
ACC-0826652124,Los Angeles,34.0522,-118.2437,5000,3199,False
ACC-35913461C6,Phoenix,33.4484,-112.074,5000,382,False
ACC-D6B789E5BA,San Diego,32.7157,-117.1611,10000,1058,False
ACC-53AB8ED9DA,Boston,42.3601,-71.0589,1000,1899,False
ACC-CB17AA0C97,Miami,25.7617,-80.1918,25000,2881,False
ACC-EB43BFD453,Seattle,47.6062,-122.3321,10000,2204,False
ACC-440026E66C,Dallas,32.7767,-96.797,10000,1415,False
ACC-45D8E1C56D,San Antonio,29.4241,-98.4936,5000,2238,False
ACC-2A3CA96475,Chicago,41.8781,-87.6298,5000,3577,False
ACC-F573FBE811,Denver,39.7392,-104.9903,5000,1767,False
ACC-DF22F32276,Denver,39.7392,-104.9903,25000,3228,False
ACC-DADEBA705D,New York,40.7128,-74.006,10000,2853,False
ACC-A893DFF4D8,Miami,25.7617,-80.1918,10000,1120,False
ACC-44AEB15B53,Los Angeles,34.0522,-118.2437,5000,933,False
ACC-116024EBC3,Seattle,47.6062,-122.3321,5000,2818,False
ACC-AC5C1803B9,Denver,39.7392,-104.9903,10000,781,False
ACC-1DE96F05A0,Los Angeles,34.0522,-118.2437,25000,1249,False
ACC-898C7FDFBA,San Antonio,29.4241,-98.4936,25000,882,False
ACC-2909BE1723,Los Angeles,34.0522,-118.2437,5000,2225,False
ACC-41B53F170A,Dallas,32.7767,-96.797,25000,1094,False
ACC-4693DCD25D,Boston,42.3601,-71.0589,5000,2413,False
ACC-CC209ADFE7,Los Angeles,34.0522,-118.2437,25000,3414,False
ACC-DACE148C1B,Philadelphia,39.9526,-75.1652,5000,3033,False
ACC-B1DD617AB8,Atlanta,33.749,-84.388,5000,3461,False
ACC-753000DD76,Phoenix,33.4484,-112.074,25000,118,False
ACC-934BA0B73A,Los Angeles,34.0522,-118.2437,5000,1678,False
ACC-32AAE825AD,San Diego,32.7157,-117.1611,10000,826,False
ACC-20C6AF3AB7,San Diego,32.7157,-117.1611,10000,3352,False
ACC-BF69E85E08,San Francisco,37.7749,-122.4194,5000,2607,False
ACC-EDD3A1ACAD,Phoenix,33.4484,-112.074,10000,1189,True
ACC-64B4C1ED49,Atlanta,33.749,-84.388,25000,2069,False
ACC-971A9C1ECF,San Diego,32.7157,-117.1611,25000,2221,False
ACC-29956F485F,Phoenix,33.4484,-112.074,5000,1824,False
ACC-762A1997F0,Atlanta,33.749,-84.388,10000,1747,False
ACC-0BCD43993D,Boston,42.3601,-71.0589,5000,229,False
ACC-2E52FDDDE5,San Diego,32.7157,-117.1611,5000,1667,False
ACC-0008060331,New York,40.7128,-74.006,5000,1290,False
ACC-E9659DD31F,Dallas,32.7767,-96.797,25000,2992,False
ACC-D09B23828F,Dallas,32.7767,-96.797,25000,3161,False
ACC-580B24A04B,Chicago,41.8781,-87.6298,25000,2746,False
ACC-303FB82989,San Francisco,37.7749,-122.4194,10000,141,False
ACC-D545C5A3A7,Denver,39.7392,-104.9903,10000,3075,False
ACC-A4AF683CA8,Los Angeles,34.0522,-118.2437,10000,1465,False
ACC-3F4836C973,Miami,25.7617,-80.1918,10000,1537,False
ACC-6C8A7FA6A8,Chicago,41.8781,-87.6298,10000,3451,False
ACC-9ABB47E937,Seattle,47.6062,-122.3321,5000,3169,False
ACC-F514E7C349,San Antonio,29.4241,-98.4936,5000,214,False
ACC-E676704F8A,New York,40.7128,-74.006,50000,1332,False
ACC-0492A70CBB,Atlanta,33.749,-84.388,10000,2743,False
ACC-B20672E7F5,Chicago,41.8781,-87.6298,50000,1980,False
ACC-04E88344E4,Dallas,32.7767,-96.797,5000,962,False
ACC-4CD6B85D98,Chicago,41.8781,-87.6298,10000,1929,False
ACC-51E850226B,Boston,42.3601,-71.0589,5000,3167,False
ACC-48017312F4,Seattle,47.6062,-122.3321,5000,838,False
ACC-FE1BCD277C,Denver,39.7392,-104.9903,1000,2730,False
ACC-2853330577,San Antonio,29.4241,-98.4936,5000,2689,False
ACC-9133CA2632,San Diego,32.7157,-117.1611,25000,3236,False
ACC-4CBA434BAA,San Francisco,37.7749,-122.4194,5000,1108,False
ACC-35725DDA7B,Seattle,47.6062,-122.3321,10000,811,False
ACC-0FA6D3534C,Denver,39.7392,-104.9903,10000,2012,False
ACC-E092F21742,New York,40.7128,-74.006,10000,1953,False
ACC-A03C82F7F4,San Francisco,37.7749,-122.4194,10000,1512,False
ACC-9FE0067A33,Los Angeles,34.0522,-118.2437,5000,2850,False
ACC-4F766084DF,Phoenix,33.4484,-112.074,50000,2922,False
ACC-3AA53ABE05,Denver,39.7392,-104.9903,25000,919,False
ACC-0E81F3F7C8,Houston,29.7604,-95.3698,10000,2909,False
ACC-16B5F1D736,Seattle,47.6062,-122.3321,10000,865,False
ACC-D976F52572,San Antonio,29.4241,-98.4936,5000,1505,False
ACC-96D1B74761,Houston,29.7604,-95.3698,25000,128,False
ACC-C6F1E4466F,Philadelphia,39.9526,-75.1652,5000,1262,False
ACC-3A7C1AF318,San Diego,32.7157,-117.1611,1000,3499,False
ACC-EB40032C33,Seattle,47.6062,-122.3321,5000,1632,False
ACC-308FD1B92E,San Francisco,37.7749,-122.4194,25000,2600,False
ACC-413C88BC0E,Boston,42.3601,-71.0589,10000,420,False
ACC-C9AD9F5AC8,Boston,42.3601,-71.0589,25000,2330,False
ACC-7B34CFA87D,Seattle,47.6062,-122.3321,25000,1375,False
ACC-95B1DF7506,San Francisco,37.7749,-122.4194,5000,2723,False
ACC-4F408A585A,Phoenix,33.4484,-112.074,25000,3389,False
ACC-29E2D40CC8,San Antonio,29.4241,-98.4936,10000,1954,False
ACC-AE2D982154,Los Angeles,34.0522,-118.2437,10000,402,False
ACC-94F366A602,Philadelphia,39.9526,-75.1652,1000,1753,False
ACC-18D3F34FCB,Boston,42.3601,-71.0589,50000,475,False
ACC-8C40632E60,San Antonio,29.4241,-98.4936,5000,1657,False
ACC-A9BF55CA74,Los Angeles,34.0522,-118.2437,1000,251,True
ACC-3987CA7B15,San Francisco,37.7749,-122.4194,10000,2348,False
ACC-B0D71603E7,Atlanta,33.749,-84.388,5000,1153,False
ACC-4D5758913D,Boston,42.3601,-71.0589,5000,759,False
ACC-405AB7FE35,Phoenix,33.4484,-112.074,10000,92,False
ACC-0E20018C03,San Antonio,29.4241,-98.4936,5000,3244,False
ACC-310EC3C5D3,San Diego,32.7157,-117.1611,25000,3060,False
ACC-F34C6BC3CB,Houston,29.7604,-95.3698,5000,2968,False
ACC-11494BD79A,Phoenix,33.4484,-112.074,10000,240,False
ACC-6A9634B282,Houston,29.7604,-95.3698,10000,1295,False
ACC-D6C6DB5AD6,Atlanta,33.749,-84.388,10000,3546,False
ACC-9601257D46,Seattle,47.6062,-122.3321,10000,2124,False
ACC-C0CCBE7469,Denver,39.7392,-104.9903,10000,495,False
ACC-9EDC2B7724,Denver,39.7392,-104.9903,50000,540,False
ACC-D50CE6AD68,Atlanta,33.749,-84.388,5000,982,False
ACC-441421D53D,Los Angeles,34.0522,-118.2437,5000,3549,False
ACC-32BB1BA7FD,Boston,42.3601,-71.0589,10000,643,False
ACC-4DCB13512E,New York,40.7128,-74.006,25000,3298,False
ACC-5978206790,San Diego,32.7157,-117.1611,1000,2484,False
ACC-9093AF434B,Dallas,32.7767,-96.797,10000,3367,False
ACC-B40FF7B827,Philadelphia,39.9526,-75.1652,25000,3020,False
ACC-4D9B27119A,Chicago,41.8781,-87.6298,10000,1232,False
ACC-50C16EEBA3,Chicago,41.8781,-87.6298,50000,3026,False
ACC-ED6CAC5DF7,Denver,39.7392,-104.9903,10000,642,False
ACC-21B1C7C8B5,Phoenix,33.4484,-112.074,10000,1083,False
ACC-7CDD76A2B1,Phoenix,33.4484,-112.074,5000,796,False
ACC-3746B6EC5D,Boston,42.3601,-71.0589,25000,512,False
ACC-BBEA700E1C,Chicago,41.8781,-87.6298,5000,355,False
ACC-78669638BA,Boston,42.3601,-71.0589,10000,708,False
ACC-E63345B5E5,Boston,42.3601,-71.0589,10000,464,False
ACC-4D8D480455,Dallas,32.7767,-96.797,10000,1407,False
ACC-C95C79149A,Chicago,41.8781,-87.6298,10000,288,False
ACC-0A1323197D,Chicago,41.8781,-87.6298,10000,251,False
ACC-287AF0EEC4,Phoenix,33.4484,-112.074,25000,3613,True
ACC-0CA190AF86,Dallas,32.7767,-96.797,10000,347,False
ACC-28287D63B0,Chicago,41.8781,-87.6298,10000,298,False
ACC-9878BE1BAA,San Antonio,29.4241,-98.4936,5000,138,False
ACC-46BF7DBF12,Los Angeles,34.0522,-118.2437,10000,509,False
ACC-8F9B0FA511,Dallas,32.7767,-96.797,10000,1941,True
ACC-1A14F43413,New York,40.7128,-74.006,5000,3024,False
ACC-E582253440,Miami,25.7617,-80.1918,1000,2690,False
ACC-DBFB0535DF,New York,40.7128,-74.006,10000,2130,False
ACC-098475CFE6,Chicago,41.8781,-87.6298,10000,337,False
ACC-F4F584C094,Chicago,41.8781,-87.6298,10000,2833,False
ACC-64CA3BA36B,Denver,39.7392,-104.9903,1000,164,False
ACC-479D6889FF,New York,40.7128,-74.006,5000,2313,False
ACC-14D6E385AF,San Antonio,29.4241,-98.4936,5000,1511,False
ACC-B68997FC7D,Dallas,32.7767,-96.797,25000,3223,False
ACC-3399323B29,San Diego,32.7157,-117.1611,25000,1143,False
ACC-FC07B6AA5F,Miami,25.7617,-80.1918,5000,2341,False
ACC-8B106A80E5,Denver,39.7392,-104.9903,10000,1622,False
ACC-00EB143B20,Philadelphia,39.9526,-75.1652,5000,1920,False
ACC-360BE95DBE,Denver,39.7392,-104.9903,5000,3428,False
ACC-B830F01A78,Phoenix,33.4484,-112.074,5000,2610,False
ACC-A792D23944,Atlanta,33.749,-84.388,5000,1530,False
ACC-1A27A2B742,San Diego,32.7157,-117.1611,10000,1649,False
ACC-A226834CB0,Seattle,47.6062,-122.3321,25000,2580,True
ACC-FCF9D09A3D,Boston,42.3601,-71.0589,5000,1282,False
ACC-B99154C25C,Seattle,47.6062,-122.3321,10000,637,False
ACC-41E442A51B,Denver,39.7392,-104.9903,10000,1722,True
ACC-B354A9AA53,Dallas,32.7767,-96.797,50000,276,False
ACC-451239E40E,New York,40.7128,-74.006,10000,644,False
ACC-7CD4C7BD68,San Diego,32.7157,-117.1611,5000,1552,False
ACC-198B2BF631,Chicago,41.8781,-87.6298,10000,2913,False
ACC-1B08EB5CD3,Boston,42.3601,-71.0589,5000,2858,False
ACC-B87119DA27,Houston,29.7604,-95.3698,50000,973,False
ACC-80D957BACF,Houston,29.7604,-95.3698,5000,1557,True
ACC-9C6574C0FA,Houston,29.7604,-95.3698,10000,585,False
ACC-BC261664DF,San Francisco,37.7749,-122.4194,1000,2763,False
ACC-201116B291,Dallas,32.7767,-96.797,10000,921,False
ACC-D910831157,Atlanta,33.749,-84.388,25000,2924,True
ACC-5502615822,San Antonio,29.4241,-98.4936,10000,3078,False
ACC-78F48973A5,Phoenix,33.4484,-112.074,10000,2524,False
ACC-5054540CE4,New York,40.7128,-74.006,25000,1225,False
ACC-719923117F,New York,40.7128,-74.006,25000,3479,False
ACC-23728AB75C,Philadelphia,39.9526,-75.1652,5000,2513,False
ACC-B6F60E5350,Boston,42.3601,-71.0589,10000,2367,False
ACC-0F31172C23,San Diego,32.7157,-117.1611,10000,3130,False
ACC-3EFF9FDE4B,Boston,42.3601,-71.0589,10000,3220,False
ACC-3AD82ED1BA,Los Angeles,34.0522,-118.2437,5000,311,False
ACC-5DC7BC78BE,Los Angeles,34.0522,-118.2437,5000,3221,True
ACC-4507E39F7A,Denver,39.7392,-104.9903,25000,2799,False
ACC-2A227EC500,Los Angeles,34.0522,-118.2437,25000,777,False
ACC-F943D28334,New York,40.7128,-74.006,25000,1143,False
ACC-4141FE1E93,San Antonio,29.4241,-98.4936,50000,2754,True
ACC-37777F43ED,Boston,42.3601,-71.0589,10000,814,False
ACC-BE58274EEA,Miami,25.7617,-80.1918,25000,1667,False
ACC-B4E3AC8762,Los Angeles,34.0522,-118.2437,25000,2523,False
ACC-DCBD1638B4,Denver,39.7392,-104.9903,10000,2384,False
ACC-4ADAFE125A,Denver,39.7392,-104.9903,10000,3323,False
ACC-015641648A,Denver,39.7392,-104.9903,5000,433,False
ACC-54FA659D1B,Boston,42.3601,-71.0589,10000,1097,False
ACC-E93CABD56F,Houston,29.7604,-95.3698,5000,3595,False
ACC-24393ADBE4,Atlanta,33.749,-84.388,5000,2089,False
ACC-84C7FF45EB,Phoenix,33.4484,-112.074,10000,930,False
ACC-01858933C2,Denver,39.7392,-104.9903,10000,1079,False
ACC-97D40992D3,Dallas,32.7767,-96.797,5000,1257,False
ACC-4C6EE4054D,Seattle,47.6062,-122.3321,25000,2036,False
ACC-980EE8D31E,San Francisco,37.7749,-122.4194,25000,1060,False
ACC-912E3CEF93,San Francisco,37.7749,-122.4194,5000,2281,False
ACC-A0333CAECC,San Francisco,37.7749,-122.4194,1000,1641,False
ACC-B12987907A,Seattle,47.6062,-122.3321,5000,2239,False
ACC-0FF99C3CA3,Seattle,47.6062,-122.3321,25000,591,False
ACC-F39BFBC13D,Chicago,41.8781,-87.6298,25000,2287,False
ACC-7CE31A3ACE,Denver,39.7392,-104.9903,5000,3377,True
ACC-A16B947F55,Dallas,32.7767,-96.797,25000,518,False
ACC-E3667D235B,Phoenix,33.4484,-112.074,5000,1215,False
ACC-76F81FD065,San Diego,32.7157,-117.1611,5000,2540,False
ACC-4E57169452,Atlanta,33.749,-84.388,50000,2265,False
ACC-5CF6DFB270,Denver,39.7392,-104.9903,5000,2472,False
ACC-8D36FF7EA9,Denver,39.7392,-104.9903,5000,2055,False
ACC-A9012C75EA,San Antonio,29.4241,-98.4936,10000,2500,False
ACC-B615058650,Seattle,47.6062,-122.3321,10000,2235,False
ACC-288F7EF8E3,Philadelphia,39.9526,-75.1652,25000,298,False
ACC-3BE3203E9C,Miami,25.7617,-80.1918,50000,2749,False
ACC-59CEF6759B,San Francisco,37.7749,-122.4194,1000,1647,False
ACC-7FE31A7452,Houston,29.7604,-95.3698,5000,216,False
ACC-DEF7D93DF7,Houston,29.7604,-95.3698,25000,1510,False
ACC-3A2E948E83,New York,40.7128,-74.006,5000,1605,False
ACC-FE85D8AB37,Chicago,41.8781,-87.6298,25000,343,False
ACC-C6B27390C7,San Antonio,29.4241,-98.4936,10000,3635,False
ACC-848BAD2B0D,San Diego,32.7157,-117.1611,5000,834,False
ACC-63F98D6ADE,Chicago,41.8781,-87.6298,25000,1226,False
ACC-F57A1D0AD1,San Antonio,29.4241,-98.4936,5000,1626,False
ACC-31501F7959,San Francisco,37.7749,-122.4194,10000,3043,False
ACC-AB582BD495,Houston,29.7604,-95.3698,10000,2719,False
ACC-3048CBBFE3,Philadelphia,39.9526,-75.1652,10000,2820,False
ACC-6513893324,Philadelphia,39.9526,-75.1652,10000,888,False
ACC-D7EE3DFFBC,San Diego,32.7157,-117.1611,10000,3090,False
ACC-B7DCC71D1F,Philadelphia,39.9526,-75.1652,50000,3033,False
ACC-0E17DCF5D9,Seattle,47.6062,-122.3321,50000,1709,False
ACC-7B120D5A02,Phoenix,33.4484,-112.074,10000,2005,False
ACC-E1EF794D8D,San Antonio,29.4241,-98.4936,1000,164,False
ACC-6EDE1FECB0,Philadelphia,39.9526,-75.1652,10000,2782,False
ACC-80DBE125F2,Chicago,41.8781,-87.6298,50000,3508,False
ACC-8F85F15EF9,Miami,25.7617,-80.1918,5000,1740,False
ACC-DE538EFE2D,Houston,29.7604,-95.3698,10000,1986,False
ACC-0FF89D37BB,Phoenix,33.4484,-112.074,10000,1837,False
ACC-F9B3EF096D,Seattle,47.6062,-122.3321,1000,329,False
ACC-648C9ECF50,Atlanta,33.749,-84.388,10000,2273,False
ACC-F8F147FC34,Miami,25.7617,-80.1918,5000,2641,False
ACC-BFBD6EFFD8,Boston,42.3601,-71.0589,25000,3389,False
ACC-DDE848D66F,Denver,39.7392,-104.9903,25000,3395,False
ACC-226B79BB4F,San Diego,32.7157,-117.1611,25000,1810,False
ACC-D5BEE33A51,Seattle,47.6062,-122.3321,10000,3501,False
ACC-CDDBF2D748,Phoenix,33.4484,-112.074,5000,1943,False
ACC-D564B32C53,San Antonio,29.4241,-98.4936,10000,2354,False
ACC-3D4AC87C98,Dallas,32.7767,-96.797,25000,2209,False
ACC-F00E72DBE7,Atlanta,33.749,-84.388,10000,3645,False
ACC-39E5DCEC3C,Denver,39.7392,-104.9903,25000,2699,False
ACC-D21ADAB7C0,San Diego,32.7157,-117.1611,5000,464,False
ACC-3FABCEABBD,San Francisco,37.7749,-122.4194,25000,290,False
ACC-0A368B587E,Houston,29.7604,-95.3698,1000,1513,False
ACC-14A378A97B,Denver,39.7392,-104.9903,5000,1896,False
ACC-81B9723686,Dallas,32.7767,-96.797,10000,2450,False
ACC-A8BC2A5F2F,San Diego,32.7157,-117.1611,1000,1773,False
ACC-1AADE0385B,Seattle,47.6062,-122.3321,1000,1892,False
ACC-3854EF8316,San Francisco,37.7749,-122.4194,1000,3366,False
ACC-B69586F897,Los Angeles,34.0522,-118.2437,10000,1242,False
ACC-2C674537F2,Phoenix,33.4484,-112.074,25000,1816,False
ACC-46248FB8CA,Chicago,41.8781,-87.6298,1000,2047,False
ACC-D72FBB3EBC,Seattle,47.6062,-122.3321,10000,1725,False
ACC-2FF4C75F1E,New York,40.7128,-74.006,25000,3534,False
ACC-9448F315D6,Houston,29.7604,-95.3698,5000,3513,False
ACC-97CD3E08C2,Dallas,32.7767,-96.797,5000,1887,False
ACC-04BF778035,Miami,25.7617,-80.1918,25000,1661,False
ACC-D0F9478A53,San Diego,32.7157,-117.1611,25000,2162,False
ACC-D1784FC344,Denver,39.7392,-104.9903,10000,684,False
ACC-7DEC4676CF,Boston,42.3601,-71.0589,25000,1572,False
ACC-68AFC5E2A2,Los Angeles,34.0522,-118.2437,1000,815,False
ACC-A666131D4C,Atlanta,33.749,-84.388,5000,551,False
ACC-7CF37AD934,San Francisco,37.7749,-122.4194,10000,374,False
ACC-BC00D13DB9,San Francisco,37.7749,-122.4194,5000,2155,False
ACC-2AAC488695,Los Angeles,34.0522,-118.2437,25000,32,False
ACC-36351E5961,San Francisco,37.7749,-122.4194,10000,2369,False
ACC-A0B230011C,Miami,25.7617,-80.1918,25000,1593,False
ACC-AEE6079F3C,Dallas,32.7767,-96.797,10000,1356,False
ACC-764CAE6F3B,Los Angeles,34.0522,-118.2437,5000,2814,False
ACC-744FEE428D,San Diego,32.7157,-117.1611,5000,1980,False
ACC-336864D94B,Atlanta,33.749,-84.388,5000,2685,False
ACC-36BB53A2A4,Miami,25.7617,-80.1918,25000,2598,False
ACC-03C9F928B6,Chicago,41.8781,-87.6298,5000,146,False
ACC-146E8CDB81,Atlanta,33.749,-84.388,1000,810,False
ACC-5DA9217478,Atlanta,33.749,-84.388,5000,2093,False
ACC-DEF162F472,Chicago,41.8781,-87.6298,5000,3561,False
ACC-9329514855,Denver,39.7392,-104.9903,25000,588,False
ACC-94CE4ADF04,San Antonio,29.4241,-98.4936,5000,412,False
ACC-9ECC3D5F31,Dallas,32.7767,-96.797,50000,3436,False
ACC-A06EF77D6C,San Antonio,29.4241,-98.4936,5000,3529,False
ACC-4D05BCFFD0,Seattle,47.6062,-122.3321,10000,635,False
ACC-6CDB253E52,Atlanta,33.749,-84.388,10000,1484,False
ACC-88A0C82558,Seattle,47.6062,-122.3321,5000,2298,False
ACC-82A51DFCB8,Boston,42.3601,-71.0589,25000,736,False
ACC-FB6655A1ED,Atlanta,33.749,-84.388,50000,1210,False
ACC-1A9FC8EF5E,Los Angeles,34.0522,-118.2437,25000,1460,False
ACC-AEA8118AEF,Houston,29.7604,-95.3698,5000,2352,False
ACC-E641B9C0CA,Miami,25.7617,-80.1918,5000,1145,False
ACC-DD3FA130A6,Dallas,32.7767,-96.797,10000,1522,True
ACC-AD715ADA62,New York,40.7128,-74.006,5000,1078,False
ACC-F2C829ED6B,Los Angeles,34.0522,-118.2437,10000,2779,False
ACC-476901EE29,San Diego,32.7157,-117.1611,10000,583,False
ACC-AB4540F0E1,San Francisco,37.7749,-122.4194,10000,865,False
ACC-AB76FF9C74,Chicago,41.8781,-87.6298,25000,934,False
ACC-9A07D046D5,Chicago,41.8781,-87.6298,10000,3308,False
ACC-5924570E32,Los Angeles,34.0522,-118.2437,1000,3449,False
ACC-979B34B1D7,Dallas,32.7767,-96.797,1000,1840,False
ACC-200AB51B8D,New York,40.7128,-74.006,10000,596,False
ACC-BDD5D14E8D,Dallas,32.7767,-96.797,10000,2767,False
ACC-19D34059A3,San Diego,32.7157,-117.1611,5000,1811,False
ACC-92DEF49289,San Antonio,29.4241,-98.4936,10000,3106,False
ACC-52ED967BDB,Miami,25.7617,-80.1918,25000,1333,False
ACC-431814501B,San Diego,32.7157,-117.1611,25000,3645,False
ACC-2E5D3B7335,Miami,25.7617,-80.1918,10000,2951,False
ACC-9CA72FCB93,Seattle,47.6062,-122.3321,5000,840,False
ACC-F42A58FFB0,Boston,42.3601,-71.0589,5000,2656,False
ACC-B6A3BC6336,Seattle,47.6062,-122.3321,10000,1068,False
ACC-C56F8D25C8,San Diego,32.7157,-117.1611,5000,1296,False
ACC-8802A4D287,San Diego,32.7157,-117.1611,10000,936,False
ACC-8BF010E5B4,Houston,29.7604,-95.3698,10000,2499,True
ACC-148ADF07A8,Dallas,32.7767,-96.797,1000,981,False
ACC-BB0E847622,Chicago,41.8781,-87.6298,1000,2342,False
ACC-61838EE74F,Boston,42.3601,-71.0589,5000,2138,False
ACC-7ABB17C1BF,Denver,39.7392,-104.9903,25000,2747,False
ACC-E0F5762890,Los Angeles,34.0522,-118.2437,10000,3626,False
ACC-FE7FDFEC0A,Seattle,47.6062,-122.3321,5000,61,False
ACC-7FDA7545F4,Los Angeles,34.0522,-118.2437,25000,3614,False
ACC-4C789FE832,Miami,25.7617,-80.1918,10000,425,False
ACC-F0601B6A44,Los Angeles,34.0522,-118.2437,10000,1936,False
ACC-72ECE36BD3,San Diego,32.7157,-117.1611,25000,1264,False
ACC-8C304FD486,San Francisco,37.7749,-122.4194,1000,2343,False
ACC-419A943325,Miami,25.7617,-80.1918,5000,2642,True
ACC-8552A32A02,San Antonio,29.4241,-98.4936,10000,3143,False
ACC-4091982646,Boston,42.3601,-71.0589,5000,1485,False
ACC-D73F560109,Seattle,47.6062,-122.3321,10000,3407,False
ACC-4EA1FD0D29,Houston,29.7604,-95.3698,5000,1197,False
ACC-04F4C2370C,Miami,25.7617,-80.1918,1000,767,False
ACC-9324408CA4,Miami,25.7617,-80.1918,5000,1402,False
ACC-7E0D05AE83,Philadelphia,39.9526,-75.1652,10000,1943,False
ACC-049E9B39A4,Seattle,47.6062,-122.3321,5000,2448,False
ACC-C8204AF2A4,Boston,42.3601,-71.0589,5000,3044,False
ACC-41C950A384,Denver,39.7392,-104.9903,25000,843,False
ACC-C2B9609C88,Seattle,47.6062,-122.3321,5000,1127,False
ACC-7FD976C248,San Francisco,37.7749,-122.4194,5000,3428,False
ACC-1920536C2D,Phoenix,33.4484,-112.074,1000,1622,False
ACC-41B94E72B6,Seattle,47.6062,-122.3321,5000,904,False
ACC-9BB8FFDC0A,Philadelphia,39.9526,-75.1652,5000,3597,False
ACC-B119F1BBD7,San Diego,32.7157,-117.1611,10000,1655,False
ACC-5717E3CA62,Phoenix,33.4484,-112.074,5000,3595,False
ACC-EF15478EE4,Phoenix,33.4484,-112.074,25000,3357,False
ACC-507437A18A,Chicago,41.8781,-87.6298,25000,3310,True
ACC-12DFFFEA6F,Atlanta,33.749,-84.388,1000,2136,False
ACC-5B2905F0E7,Chicago,41.8781,-87.6298,5000,2920,False
ACC-3CCF10EB27,Los Angeles,34.0522,-118.2437,5000,3507,False
ACC-B1D138AA25,Atlanta,33.749,-84.388,10000,1004,False
ACC-F7AA89119F,Dallas,32.7767,-96.797,5000,166,False
ACC-E83A06A833,San Antonio,29.4241,-98.4936,25000,1191,False
ACC-08B16290B4,Seattle,47.6062,-122.3321,25000,2335,False
ACC-A8E7FA948C,Philadelphia,39.9526,-75.1652,25000,2011,False
ACC-D2B176D9A3,Los Angeles,34.0522,-118.2437,10000,321,False
ACC-4E7259A84A,Miami,25.7617,-80.1918,50000,2060,False
ACC-A9240444F1,Chicago,41.8781,-87.6298,1000,661,False
ACC-822579BE03,Dallas,32.7767,-96.797,10000,1859,False
ACC-E076B0B7AF,Atlanta,33.749,-84.388,5000,2114,False
ACC-0E26A5EA76,Atlanta,33.749,-84.388,25000,2334,False
ACC-3290FC222B,Philadelphia,39.9526,-75.1652,10000,1523,False
ACC-04362070D8,Seattle,47.6062,-122.3321,25000,1508,False
ACC-6B5A2788F2,San Francisco,37.7749,-122.4194,5000,2486,False
ACC-298798026F,San Diego,32.7157,-117.1611,50000,2742,False
ACC-3951A9DFEF,Chicago,41.8781,-87.6298,10000,2954,False
ACC-8E616F39E1,Philadelphia,39.9526,-75.1652,10000,1237,False
ACC-337A5238F2,San Francisco,37.7749,-122.4194,50000,1565,False
ACC-34497CED2D,Atlanta,33.749,-84.388,5000,1227,False
ACC-4ECB3EDE31,New York,40.7128,-74.006,5000,1939,False
ACC-8E6EF5CEFC,Miami,25.7617,-80.1918,10000,490,True
ACC-7F76B81656,Denver,39.7392,-104.9903,5000,1586,False
ACC-97A2256F09,Atlanta,33.749,-84.388,5000,713,False
ACC-27D5C4F9D0,San Antonio,29.4241,-98.4936,5000,1957,False
ACC-8D8920FEDE,Los Angeles,34.0522,-118.2437,5000,3108,False
ACC-F01B5F35D3,Phoenix,33.4484,-112.074,25000,3597,False
ACC-2CE6A613BB,Denver,39.7392,-104.9903,10000,1645,False
ACC-C5FE9CEA8C,Boston,42.3601,-71.0589,5000,233,False
ACC-3FCD0152D9,San Francisco,37.7749,-122.4194,10000,854,False
ACC-62CB30639D,Los Angeles,34.0522,-118.2437,10000,409,False
ACC-183BB871D1,Los Angeles,34.0522,-118.2437,10000,2778,False
ACC-05F63BB8C5,San Diego,32.7157,-117.1611,25000,3594,False
ACC-052DBAA388,Dallas,32.7767,-96.797,25000,2035,False
ACC-8ADC98B372,New York,40.7128,-74.006,5000,670,False
ACC-270272C7EA,Miami,25.7617,-80.1918,5000,106,False
ACC-1863C36F72,Dallas,32.7767,-96.797,10000,3563,False
ACC-86CCE1C553,New York,40.7128,-74.006,10000,1175,False
ACC-41959CB450,Los Angeles,34.0522,-118.2437,10000,435,False
ACC-D3BCAF54DC,San Antonio,29.4241,-98.4936,10000,670,False
ACC-4AFA986D8B,Miami,25.7617,-80.1918,10000,954,False
ACC-CFB7A0089E,Denver,39.7392,-104.9903,5000,2404,False
ACC-86F4CB4FF7,San Antonio,29.4241,-98.4936,5000,3258,False
ACC-BFD1E6CC3D,Phoenix,33.4484,-112.074,5000,1025,False
ACC-F16191742E,Atlanta,33.749,-84.388,1000,2517,False
ACC-518C4A1F2F,San Antonio,29.4241,-98.4936,5000,265,False
ACC-E8F6FF3C60,Phoenix,33.4484,-112.074,10000,66,False
ACC-14C16F1F6A,San Antonio,29.4241,-98.4936,5000,228,False
ACC-39A5317D4B,New York,40.7128,-74.006,5000,3371,False
ACC-03F8AB7CBB,Phoenix,33.4484,-112.074,10000,2135,False
ACC-C16453A814,San Diego,32.7157,-117.1611,25000,2944,False
ACC-D8C457ED0D,Boston,42.3601,-71.0589,5000,108,False
ACC-BBA264BD27,Seattle,47.6062,-122.3321,25000,110,False
ACC-5F68B663B1,Seattle,47.6062,-122.3321,25000,3102,False
ACC-C25A572F3D,Dallas,32.7767,-96.797,10000,401,False
ACC-7248C7756F,Los Angeles,34.0522,-118.2437,10000,592,False
ACC-017FC7BC13,Philadelphia,39.9526,-75.1652,1000,1908,False
ACC-366ABCC993,Atlanta,33.749,-84.388,25000,2225,False
ACC-AAC8B5FCA6,New York,40.7128,-74.006,5000,858,True
ACC-D11198B26A,Boston,42.3601,-71.0589,25000,1639,False
ACC-DDB95850CB,Miami,25.7617,-80.1918,10000,2473,False
ACC-BACF191512,Phoenix,33.4484,-112.074,1000,1633,True
ACC-8BAB082434,Seattle,47.6062,-122.3321,1000,1415,True
ACC-3796C1FC58,Denver,39.7392,-104.9903,10000,289,False
ACC-C8189BA0A1,New York,40.7128,-74.006,10000,1665,False
ACC-3135F9C78B,Los Angeles,34.0522,-118.2437,1000,2935,False
ACC-7FBE584A1A,San Francisco,37.7749,-122.4194,10000,2298,False
ACC-70B626C5E0,Atlanta,33.749,-84.388,25000,3262,False
ACC-7C64E1442E,New York,40.7128,-74.006,10000,486,False
ACC-65A66E8260,San Francisco,37.7749,-122.4194,10000,69,False
ACC-90B521615A,Chicago,41.8781,-87.6298,1000,2014,False
ACC-CF907C52FA,San Francisco,37.7749,-122.4194,25000,676,False
ACC-DE23A4A456,San Francisco,37.7749,-122.4194,5000,2180,False
ACC-8D09A9D305,Los Angeles,34.0522,-118.2437,25000,3302,False
ACC-D96968333B,Miami,25.7617,-80.1918,5000,1250,False
ACC-9514558444,Boston,42.3601,-71.0589,10000,2019,False
ACC-C9179445FC,Denver,39.7392,-104.9903,5000,2497,False
ACC-925F974002,New York,40.7128,-74.006,5000,573,False
ACC-D92F811B5E,Houston,29.7604,-95.3698,25000,3278,False
ACC-7134D54C11,Houston,29.7604,-95.3698,10000,764,False
ACC-9EEDEE1CA1,San Antonio,29.4241,-98.4936,10000,2955,False
ACC-791DF437B6,Chicago,41.8781,-87.6298,50000,2419,False
ACC-B17BD12F73,Denver,39.7392,-104.9903,50000,540,False
ACC-9185DF6F13,Seattle,47.6062,-122.3321,25000,2653,False
ACC-1DA6190D5A,Denver,39.7392,-104.9903,5000,741,False
ACC-0A6B1EBCFA,Chicago,41.8781,-87.6298,10000,2199,False
ACC-7094F74ACC,New York,40.7128,-74.006,25000,3504,False
ACC-AC6A9C7834,Boston,42.3601,-71.0589,5000,3480,True
ACC-A14E5EF843,Phoenix,33.4484,-112.074,5000,3183,False
ACC-67D9BECE3A,San Francisco,37.7749,-122.4194,25000,1818,False
ACC-11DD074936,Boston,42.3601,-71.0589,10000,2055,False
ACC-089F4F9FF4,New York,40.7128,-74.006,10000,1116,False
ACC-1FBDDC3A54,New York,40.7128,-74.006,50000,3363,False
ACC-3937E017B1,New York,40.7128,-74.006,10000,1757,False
ACC-6D0B10743F,Chicago,41.8781,-87.6298,10000,2823,False
ACC-07F0E4A726,New York,40.7128,-74.006,5000,1331,False
ACC-7BD7BA482D,Denver,39.7392,-104.9903,10000,2710,False
ACC-28597FCC61,San Francisco,37.7749,-122.4194,5000,842,False
ACC-568A8815CF,Atlanta,33.749,-84.388,25000,2686,False
ACC-34B931D844,Denver,39.7392,-104.9903,25000,196,False
ACC-1F2F3528ED,Atlanta,33.749,-84.388,5000,409,False
ACC-9EBB9EEFB1,Houston,29.7604,-95.3698,5000,1305,False
ACC-5318F6CC35,Phoenix,33.4484,-112.074,25000,1774,False
ACC-441F8CC834,Denver,39.7392,-104.9903,1000,2605,False
ACC-77ABC3F733,Houston,29.7604,-95.3698,10000,1329,False
ACC-E4EB1DB47B,New York,40.7128,-74.006,10000,96,False
ACC-DB12DC6C13,Miami,25.7617,-80.1918,10000,1207,False
ACC-8440A834FB,Denver,39.7392,-104.9903,5000,1619,False
ACC-24D197D986,Atlanta,33.749,-84.388,10000,1998,False
ACC-A9C362E8BC,Boston,42.3601,-71.0589,5000,2361,False
ACC-2A9EE1158F,Los Angeles,34.0522,-118.2437,10000,926,False
ACC-4BCE751DA5,Seattle,47.6062,-122.3321,1000,2239,False
ACC-2B37B047FB,Denver,39.7392,-104.9903,10000,2316,False
ACC-1422F99603,Miami,25.7617,-80.1918,10000,2841,False
ACC-D80AAC61AE,Denver,39.7392,-104.9903,5000,1919,False
ACC-6B04984E9A,Denver,39.7392,-104.9903,5000,2964,False
ACC-EDD27008A8,San Antonio,29.4241,-98.4936,5000,832,False
ACC-C16ED14E95,New York,40.7128,-74.006,5000,2606,True
ACC-07C5B162B8,San Antonio,29.4241,-98.4936,1000,195,False
ACC-19D7090AAA,Houston,29.7604,-95.3698,25000,402,False
ACC-0CDCE27329,Los Angeles,34.0522,-118.2437,10000,3160,True
ACC-25C359EF3C,Los Angeles,34.0522,-118.2437,25000,1749,False
ACC-1FEF10F5DA,Miami,25.7617,-80.1918,50000,2277,False
ACC-186A6080F7,San Diego,32.7157,-117.1611,1000,2214,False
ACC-694F6C3AF7,Dallas,32.7767,-96.797,10000,2545,False
ACC-77170505DE,Seattle,47.6062,-122.3321,25000,918,False
ACC-DC5B8634B5,Dallas,32.7767,-96.797,10000,675,False
ACC-D7563634D2,San Francisco,37.7749,-122.4194,10000,184,True
ACC-24AD09C53E,Los Angeles,34.0522,-118.2437,10000,3160,False
ACC-7D784B955B,Denver,39.7392,-104.9903,1000,839,False
ACC-C4F79EFE05,San Antonio,29.4241,-98.4936,10000,2112,False
ACC-60A3574961,Chicago,41.8781,-87.6298,50000,1676,False
ACC-750A812D13,Denver,39.7392,-104.9903,50000,617,False
ACC-31C801556E,Seattle,47.6062,-122.3321,1000,1528,False
ACC-02F4AE4CA4,New York,40.7128,-74.006,10000,331,True
ACC-F00A9BF9F7,Chicago,41.8781,-87.6298,5000,669,False
ACC-75B7E5A748,New York,40.7128,-74.006,25000,535,False
ACC-7696B04728,Phoenix,33.4484,-112.074,1000,3014,False
ACC-1A9C4F5C39,Los Angeles,34.0522,-118.2437,25000,2084,False
ACC-8DA5908E69,Miami,25.7617,-80.1918,25000,3380,False
ACC-BE45544C89,San Diego,32.7157,-117.1611,5000,1608,False
ACC-24DD682928,Atlanta,33.749,-84.388,1000,758,False
ACC-59DDA1BAE7,Seattle,47.6062,-122.3321,25000,2233,False
ACC-D922061F5F,San Francisco,37.7749,-122.4194,5000,3395,False
ACC-09AFD77EED,San Diego,32.7157,-117.1611,10000,1957,False
ACC-81FCCF8AC1,New York,40.7128,-74.006,25000,94,False
ACC-BCC1618C32,Los Angeles,34.0522,-118.2437,10000,1129,False
ACC-3FE2EC2A01,San Francisco,37.7749,-122.4194,5000,3378,False
ACC-109F8631E5,New York,40.7128,-74.006,10000,1906,False
ACC-4EA1D5E811,New York,40.7128,-74.006,1000,3475,False
ACC-50C2BBFD82,Houston,29.7604,-95.3698,50000,1873,False
ACC-8DFD62DFFD,Boston,42.3601,-71.0589,5000,73,False
ACC-2B2D0DB7E6,San Antonio,29.4241,-98.4936,5000,3190,False
ACC-26584FD44F,Miami,25.7617,-80.1918,5000,2792,False
ACC-F8BF97DA8B,San Antonio,29.4241,-98.4936,50000,2619,False
ACC-A446B1644B,Chicago,41.8781,-87.6298,1000,3542,False
ACC-AA389A45E6,Philadelphia,39.9526,-75.1652,25000,740,False
ACC-BFF07C9DDF,Los Angeles,34.0522,-118.2437,10000,3309,False
ACC-2EE9BA4D53,Seattle,47.6062,-122.3321,25000,872,False
ACC-83EF141A71,Chicago,41.8781,-87.6298,50000,3543,False
ACC-E19D277A38,Philadelphia,39.9526,-75.1652,25000,722,False
ACC-07410DB047,Atlanta,33.749,-84.388,25000,2022,False
ACC-B180E4E751,Dallas,32.7767,-96.797,5000,2887,False
ACC-E07E10CFC3,San Antonio,29.4241,-98.4936,25000,312,False
ACC-E480ABB4E1,Dallas,32.7767,-96.797,10000,271,False
ACC-DC195E0BCB,Seattle,47.6062,-122.3321,10000,3106,False
ACC-5AFAC8EC92,Houston,29.7604,-95.3698,25000,248,True
ACC-92A415721A,San Francisco,37.7749,-122.4194,50000,2252,False
ACC-D51014524B,Boston,42.3601,-71.0589,10000,3426,False
ACC-D317C2B753,Dallas,32.7767,-96.797,10000,2255,True
ACC-E957EE4721,San Antonio,29.4241,-98.4936,10000,1771,False
ACC-212CA06564,Chicago,41.8781,-87.6298,5000,1540,False
ACC-6ECFC9E5FC,Houston,29.7604,-95.3698,5000,2340,False
ACC-65C2C7DF57,Atlanta,33.749,-84.388,5000,2100,False
ACC-3A815FAACE,Dallas,32.7767,-96.797,1000,1846,False
ACC-4B93CC97EE,Phoenix,33.4484,-112.074,1000,585,False
ACC-0BB6745723,San Antonio,29.4241,-98.4936,25000,2428,False
ACC-D2C829A5E3,Dallas,32.7767,-96.797,10000,2707,False
ACC-0A425DB110,Dallas,32.7767,-96.797,25000,2596,False
ACC-1167BA4DD1,Miami,25.7617,-80.1918,10000,301,False
ACC-58260DAE36,Houston,29.7604,-95.3698,1000,2574,False
ACC-873F2733A3,San Francisco,37.7749,-122.4194,5000,2671,False
ACC-1B4D8E1B04,San Antonio,29.4241,-98.4936,5000,693,False
ACC-2AA400545E,Atlanta,33.749,-84.388,50000,3103,False
ACC-CA4E284004,Chicago,41.8781,-87.6298,5000,1926,False
ACC-A4F960C09B,Chicago,41.8781,-87.6298,10000,1740,False
ACC-1C0FDAB23B,San Antonio,29.4241,-98.4936,25000,2646,False
ACC-1F6D0B6C99,San Diego,32.7157,-117.1611,50000,1875,True
ACC-CBFC9705AC,Miami,25.7617,-80.1918,5000,2001,False
ACC-D657560B91,San Antonio,29.4241,-98.4936,1000,1160,False
ACC-1D453EA368,Boston,42.3601,-71.0589,5000,3388,False
ACC-5BC18C3D8D,San Diego,32.7157,-117.1611,1000,3539,False
ACC-95E05616D1,Los Angeles,34.0522,-118.2437,5000,502,False
ACC-8D9C7EDAB1,Los Angeles,34.0522,-118.2437,10000,2683,False
ACC-200DDC6B10,Atlanta,33.749,-84.388,25000,114,False
ACC-B7125B95C6,Chicago,41.8781,-87.6298,10000,1365,False
ACC-84A969C19F,Atlanta,33.749,-84.388,10000,3541,False
ACC-7723F35E92,Phoenix,33.4484,-112.074,5000,662,False
ACC-94A8E17BD5,Los Angeles,34.0522,-118.2437,25000,1394,False
ACC-E5A194EC5A,Phoenix,33.4484,-112.074,10000,824,False
ACC-C9FB599C1B,San Francisco,37.7749,-122.4194,25000,2666,False
ACC-CB6C105551,San Antonio,29.4241,-98.4936,25000,1709,False
ACC-FC48407DEC,Seattle,47.6062,-122.3321,5000,2177,False
ACC-45E304B75A,San Francisco,37.7749,-122.4194,1000,3442,False
ACC-BBF5A9CA79,San Antonio,29.4241,-98.4936,5000,1916,False
ACC-45ABF0E5CB,San Francisco,37.7749,-122.4194,10000,2687,True
ACC-338B5DC29B,Atlanta,33.749,-84.388,25000,384,False
ACC-0BB4E2E300,San Antonio,29.4241,-98.4936,5000,809,False
ACC-BAB935257E,Chicago,41.8781,-87.6298,25000,3457,False
ACC-8367ACFDFD,San Antonio,29.4241,-98.4936,10000,3141,False
ACC-918DF427EE,Denver,39.7392,-104.9903,5000,2407,False
ACC-1A1504E9E8,Houston,29.7604,-95.3698,5000,1399,False
ACC-2DB60674E2,Atlanta,33.749,-84.388,10000,753,False
ACC-D75AC4C009,Dallas,32.7767,-96.797,10000,3113,False
ACC-672A5B248F,San Francisco,37.7749,-122.4194,10000,2872,False
ACC-83D27BC252,Phoenix,33.4484,-112.074,5000,904,False
ACC-316DC24A1D,Boston,42.3601,-71.0589,10000,2165,False
ACC-C18084F07D,New York,40.7128,-74.006,5000,2269,False
ACC-3F5AA0D17C,Phoenix,33.4484,-112.074,25000,1758,False
ACC-2CA78A7523,San Antonio,29.4241,-98.4936,5000,3384,False
ACC-7A318C416F,San Diego,32.7157,-117.1611,5000,479,False
ACC-77E124889C,San Diego,32.7157,-117.1611,10000,963,False
ACC-84F915260E,Chicago,41.8781,-87.6298,10000,374,False
ACC-D88028A6C5,Houston,29.7604,-95.3698,10000,2538,False
ACC-BE7B53CA1F,Los Angeles,34.0522,-118.2437,10000,2361,False
ACC-5F980DAE6B,Dallas,32.7767,-96.797,50000,3604,False
ACC-C75883B894,Philadelphia,39.9526,-75.1652,10000,1993,False
ACC-550700341E,Dallas,32.7767,-96.797,10000,575,False
ACC-9C0487F39C,Dallas,32.7767,-96.797,10000,1662,False
ACC-FAA157D353,Miami,25.7617,-80.1918,1000,350,False
ACC-EB3D2CE992,Dallas,32.7767,-96.797,10000,2458,False
ACC-692AE7A7AD,San Francisco,37.7749,-122.4194,5000,2470,False
ACC-9D2E9B98D0,Dallas,32.7767,-96.797,10000,3134,False
ACC-C35CD2A05D,San Francisco,37.7749,-122.4194,1000,1259,False
ACC-492F81C006,San Francisco,37.7749,-122.4194,50000,1152,False
ACC-4579BCEB15,Phoenix,33.4484,-112.074,10000,287,False
ACC-A36F7A16D9,Houston,29.7604,-95.3698,25000,1532,False
ACC-ED7521C927,Seattle,47.6062,-122.3321,10000,1750,False
ACC-00A3A7EF47,Philadelphia,39.9526,-75.1652,1000,2761,False
ACC-41F147DD36,Dallas,32.7767,-96.797,25000,2758,False
ACC-F128405CC6,Chicago,41.8781,-87.6298,10000,537,False
ACC-C78DBEFFC3,San Antonio,29.4241,-98.4936,25000,1062,False
ACC-869A626B39,San Diego,32.7157,-117.1611,10000,1881,False
ACC-5D3FD7D316,San Francisco,37.7749,-122.4194,10000,1242,False
ACC-1092FE16B6,San Diego,32.7157,-117.1611,25000,122,False
ACC-7279D432FB,Philadelphia,39.9526,-75.1652,10000,3091,False
ACC-72B26F3C78,Atlanta,33.749,-84.388,5000,2677,False
ACC-2DF2097C02,San Diego,32.7157,-117.1611,10000,1912,False
