date_key,date,year,quarter,month,month_name,week,day_of_week,day_name,is_weekend
1,2024-08-31,2024,3,8,August,35,5,Saturday,1
2,2024-09-01,2024,3,9,September,35,6,Sunday,1
3,2024-09-02,2024,3,9,September,36,0,Monday,0
4,2024-09-03,2024,3,9,September,36,1,Tuesday,0
5,2024-09-04,2024,3,9,September,36,2,Wednesday,0
6,2024-09-05,2024,3,9,September,36,3,Thursday,0
7,2024-09-06,2024,3,9,September,36,4,Friday,0
8,2024-09-07,2024,3,9,September,36,5,Saturday,1
9,2024-09-08,2024,3,9,September,36,6,Sunday,1
10,2024-09-09,2024,3,9,September,37,0,Monday,0
11,2024-09-10,2024,3,9,September,37,1,Tuesday,0
12,2024-09-11,2024,3,9,September,37,2,Wednesday,0
13,2024-09-12,2024,3,9,September,37,3,Thursday,0
14,2024-09-13,2024,3,9,September,37,4,Friday,0
15,2024-09-14,2024,3,9,September,37,5,Saturday,1
16,2024-09-15,2024,3,9,September,37,6,Sunday,1
17,2024-09-16,2024,3,9,September,38,0,Monday,0
18,2024-09-17,2024,3,9,September,38,1,Tuesday,0
19,2024-09-18,2024,3,9,September,38,2,Wednesday,0
20,2024-09-19,2024,3,9,September,38,3,Thursday,0
21,2024-09-20,2024,3,9,September,38,4,Friday,0
22,2024-09-21,2024,3,9,September,38,5,Saturday,1
23,2024-09-22,2024,3,9,September,38,6,Sunday,1
24,2024-09-23,2024,3,9,September,39,0,Monday,0
25,2024-09-24,2024,3,9,September,39,1,Tuesday,0
26,2024-09-25,2024,3,9,September,39,2,Wednesday,0
27,2024-09-26,2024,3,9,September,39,3,Thursday,0
28,2024-09-27,2024,3,9,September,39,4,Friday,0
29,2024-09-28,2024,3,9,September,39,5,Saturday,1
30,2024-09-29,2024,3,9,September,39,6,Sunday,1
31,2024-09-30,2024,3,9,September,40,0,Monday,0
32,2024-10-01,2024,4,10,October,40,1,Tuesday,0
33,2024-10-02,2024,4,10,October,40,2,Wednesday,0
34,2024-10-03,2024,4,10,October,40,3,Thursday,0
35,2024-10-04,2024,4,10,October,40,4,Friday,0
36,2024-10-05,2024,4,10,October,40,5,Saturday,1
37,2024-10-06,2024,4,10,October,40,6,Sunday,1
38,2024-10-07,2024,4,10,October,41,0,Monday,0
39,2024-10-08,2024,4,10,October,41,1,Tuesday,0
40,2024-10-09,2024,4,10,October,41,2,Wednesday,0
41,2024-10-10,2024,4,10,October,41,3,Thursday,0
42,2024-10-11,2024,4,10,October,41,4,Friday,0
43,2024-10-12,2024,4,10,October,41,5,Saturday,1
44,2024-10-13,2024,4,10,October,41,6,Sunday,1
45,2024-10-14,2024,4,10,October,42,0,Monday,0
46,2024-10-15,2024,4,10,October,42,1,Tuesday,0
47,2024-10-16,2024,4,10,October,42,2,Wednesday,0
48,2024-10-17,2024,4,10,October,42,3,Thursday,0
49,2024-10-18,2024,4,10,October,42,4,Friday,0
50,2024-10-19,2024,4,10,October,42,5,Saturday,1
51,2024-10-20,2024,4,10,October,42,6,Sunday,1
52,2024-10-21,2024,4,10,October,43,0,Monday,0
53,2024-10-22,2024,4,10,October,43,1,Tuesday,0
54,2024-10-23,2024,4,10,October,43,2,Wednesday,0
55,2024-10-24,2024,4,10,October,43,3,Thursday,0
56,2024-10-25,2024,4,10,October,43,4,Friday,0
57,2024-10-26,2024,4,10,October,43,5,Saturday,1
58,2024-10-27,2024,4,10,October,43,6,Sunday,1
59,2024-10-28,2024,4,10,October,44,0,Monday,0
60,2024-10-29,2024,4,10,October,44,1,Tuesday,0
61,2024-10-30,2024,4,10,October,44,2,Wednesday,0
62,2024-10-31,2024,4,10,October,44,3,Thursday,0
63,2024-11-01,2024,4,11,November,44,4,Friday,0
64,2024-11-02,2024,4,11,November,44,5,Saturday,1
65,2024-11-03,2024,4,11,November,44,6,Sunday,1
66,2024-11-04,2024,4,11,November,45,0,Monday,0
67,2024-11-05,2024,4,11,November,45,1,Tuesday,0
68,2024-11-06,2024,4,11,November,45,2,Wednesday,0
69,2024-11-07,2024,4,11,November,45,3,Thursday,0
70,2024-11-08,2024,4,11,November,45,4,Friday,0
71,2024-11-09,2024,4,11,November,45,5,Saturday,1
72,2024-11-10,2024,4,11,November,45,6,Sunday,1
73,2024-11-11,2024,4,11,November,46,0,Monday,0
74,2024-11-12,2024,4,11,November,46,1,Tuesday,0
75,2024-11-13,2024,4,11,November,46,2,Wednesday,0
76,2024-11-14,2024,4,11,November,46,3,Thursday,0
77,2024-11-15,2024,4,11,November,46,4,Friday,0
78,2024-11-16,2024,4,11,November,46,5,Saturday,1
79,2024-11-17,2024,4,11,November,46,6,Sunday,1
80,2024-11-18,2024,4,11,November,47,0,Monday,0
81,2024-11-19,2024,4,11,November,47,1,Tuesday,0
82,2024-11-20,2024,4,11,November,47,2,Wednesday,0
83,2024-11-21,2024,4,11,November,47,3,Thursday,0
84,2024-11-22,2024,4,11,November,47,4,Friday,0
85,2024-11-23,2024,4,11,November,47,5,Saturday,1
86,2024-11-24,2024,4,11,November,47,6,Sunday,1
87,2024-11-25,2024,4,11,November,48,0,Monday,0
88,2024-11-26,2024,4,11,November,48,1,Tuesday,0
89,2024-11-27,2024,4,11,November,48,2,Wednesday,0
90,2024-11-28,2024,4,11,November,48,3,Thursday,0
91,2024-11-29,2024,4,11,November,48,4,Friday,0
92,2024-11-30,2024,4,11,November,48,5,Saturday,1
93,2024-12-01,2024,4,12,December,48,6,Sunday,1
94,2024-12-02,2024,4,12,December,49,0,Monday,0
95,2024-12-03,2024,4,12,December,49,1,Tuesday,0
96,2024-12-04,2024,4,12,December,49,2,Wednesday,0
97,2024-12-05,2024,4,12,December,49,3,Thursday,0
98,2024-12-06,2024,4,12,December,49,4,Friday,0
99,2024-12-07,2024,4,12,December,49,5,Saturday,1
100,2024-12-08,2024,4,12,December,49,6,Sunday,1
101,2024-12-09,2024,4,12,December,50,0,Monday,0
102,2024-12-10,2024,4,12,December,50,1,Tuesday,0
103,2024-12-11,2024,4,12,December,50,2,Wednesday,0
104,2024-12-12,2024,4,12,December,50,3,Thursday,0
105,2024-12-13,2024,4,12,December,50,4,Friday,0
106,2024-12-14,2024,4,12,December,50,5,Saturday,1
107,2024-12-15,2024,4,12,December,50,6,Sunday,1
108,2024-12-16,2024,4,12,December,51,0,Monday,0
109,2024-12-17,2024,4,12,December,51,1,Tuesday,0
110,2024-12-18,2024,4,12,December,51,2,Wednesday,0
111,2024-12-19,2024,4,12,December,51,3,Thursday,0
112,2024-12-20,2024,4,12,December,51,4,Friday,0
113,2024-12-21,2024,4,12,December,51,5,Saturday,1
114,2024-12-22,2024,4,12,December,51,6,Sunday,1
115,2024-12-23,2024,4,12,December,52,0,Monday,0
116,2024-12-24,2024,4,12,December,52,1,Tuesday,0
117,2024-12-25,2024,4,12,December,52,2,Wednesday,0
118,2024-12-26,2024,4,12,December,52,3,Thursday,0
119,2024-12-27,2024,4,12,December,52,4,Friday,0
120,2024-12-28,2024,4,12,December,52,5,Saturday,1
121,2024-12-29,2024,4,12,December,52,6,Sunday,1
122,2024-12-30,2024,4,12,December,1,0,Monday,0
123,2024-12-31,2024,4,12,December,1,1,Tuesday,0
124,2025-01-01,2025,1,1,January,1,2,Wednesday,0
125,2025-01-02,2025,1,1,January,1,3,Thursday,0
126,2025-01-03,2025,1,1,January,1,4,Friday,0
127,2025-01-04,2025,1,1,January,1,5,Saturday,1
128,2025-01-05,2025,1,1,January,1,6,Sunday,1
129,2025-01-06,2025,1,1,January,2,0,Monday,0
130,2025-01-07,2025,1,1,January,2,1,Tuesday,0
131,2025-01-08,2025,1,1,January,2,2,Wednesday,0
132,2025-01-09,2025,1,1,January,2,3,Thursday,0
133,2025-01-10,2025,1,1,January,2,4,Friday,0
134,2025-01-11,2025,1,1,January,2,5,Saturday,1
135,2025-01-12,2025,1,1,January,2,6,Sunday,1
136,2025-01-13,2025,1,1,January,3,0,Monday,0
137,2025-01-14,2025,1,1,January,3,1,Tuesday,0
138,2025-01-15,2025,1,1,January,3,2,Wednesday,0
139,2025-01-16,2025,1,1,January,3,3,Thursday,0
140,2025-01-17,2025,1,1,January,3,4,Friday,0
141,2025-01-18,2025,1,1,January,3,5,Saturday,1
142,2025-01-19,2025,1,1,January,3,6,Sunday,1
143,2025-01-20,2025,1,1,January,4,0,Monday,0
144,2025-01-21,2025,1,1,January,4,1,Tuesday,0
145,2025-01-22,2025,1,1,January,4,2,Wednesday,0
146,2025-01-23,2025,1,1,January,4,3,Thursday,0
147,2025-01-24,2025,1,1,January,4,4,Friday,0
148,2025-01-25,2025,1,1,January,4,5,Saturday,1
149,2025-01-26,2025,1,1,January,4,6,Sunday,1
150,2025-01-27,2025,1,1,January,5,0,Monday,0
151,2025-01-28,2025,1,1,January,5,1,Tuesday,0
152,2025-01-29,2025,1,1,January,5,2,Wednesday,0
153,2025-01-30,2025,1,1,January,5,3,Thursday,0
154,2025-01-31,2025,1,1,January,5,4,Friday,0
155,2025-02-01,2025,1,2,February,5,5,Saturday,1
156,2025-02-02,2025,1,2,February,5,6,Sunday,1
157,2025-02-03,2025,1,2,February,6,0,Monday,0
158,2025-02-04,2025,1,2,February,6,1,Tuesday,0
159,2025-02-05,2025,1,2,February,6,2,Wednesday,0
160,2025-02-06,2025,1,2,February,6,3,Thursday,0
161,2025-02-07,2025,1,2,February,6,4,Friday,0
162,2025-02-08,2025,1,2,February,6,5,Saturday,1
163,2025-02-09,2025,1,2,February,6,6,Sunday,1
164,2025-02-10,2025,1,2,February,7,0,Monday,0
165,2025-02-11,2025,1,2,February,7,1,Tuesday,0
166,2025-02-12,2025,1,2,February,7,2,Wednesday,0
167,2025-02-13,2025,1,2,February,7,3,Thursday,0
168,2025-02-14,2025,1,2,February,7,4,Friday,0
169,2025-02-15,2025,1,2,February,7,5,Saturday,1
170,2025-02-16,2025,1,2,February,7,6,Sunday,1
171,2025-02-17,2025,1,2,February,8,0,Monday,0
172,2025-02-18,2025,1,2,February,8,1,Tuesday,0
173,2025-02-19,2025,1,2,February,8,2,Wednesday,0
174,2025-02-20,2025,1,2,February,8,3,Thursday,0
175,2025-02-21,2025,1,2,February,8,4,Friday,0
176,2025-02-22,2025,1,2,February,8,5,Saturday,1
177,2025-02-23,2025,1,2,February,8,6,Sunday,1
178,2025-02-24,2025,1,2,February,9,0,Monday,0
179,2025-02-25,2025,1,2,February,9,1,Tuesday,0
180,2025-02-26,2025,1,2,February,9,2,Wednesday,0
181,2025-02-27,2025,1,2,February,9,3,Thursday,0
182,2025-02-28,2025,1,2,February,9,4,Friday,0
183,2025-03-01,2025,1,3,March,9,5,Saturday,1
184,2025-03-02,2025,1,3,March,9,6,Sunday,1
185,2025-03-03,2025,1,3,March,10,0,Monday,0
186,2025-03-04,2025,1,3,March,10,1,Tuesday,0
187,2025-03-05,2025,1,3,March,10,2,Wednesday,0
188,2025-03-06,2025,1,3,March,10,3,Thursday,0
189,2025-03-07,2025,1,3,March,10,4,Friday,0
190,2025-03-08,2025,1,3,March,10,5,Saturday,1
191,2025-03-09,2025,1,3,March,10,6,Sunday,1
192,2025-03-10,2025,1,3,March,11,0,Monday,0
193,2025-03-11,2025,1,3,March,11,1,Tuesday,0
194,2025-03-12,2025,1,3,March,11,2,Wednesday,0
195,2025-03-13,2025,1,3,March,11,3,Thursday,0
196,2025-03-14,2025,1,3,March,11,4,Friday,0
197,2025-03-15,2025,1,3,March,11,5,Saturday,1
198,2025-03-16,2025,1,3,March,11,6,Sunday,1
199,2025-03-17,2025,1,3,March,12,0,Monday,0
200,2025-03-18,2025,1,3,March,12,1,Tuesday,0
201,2025-03-19,2025,1,3,March,12,2,Wednesday,0
202,2025-03-20,2025,1,3,March,12,3,Thursday,0
203,2025-03-21,2025,1,3,March,12,4,Friday,0
204,2025-03-22,2025,1,3,March,12,5,Saturday,1
205,2025-03-23,2025,1,3,March,12,6,Sunday,1
206,2025-03-24,2025,1,3,March,13,0,Monday,0
207,2025-03-25,2025,1,3,March,13,1,Tuesday,0
208,2025-03-26,2025,1,3,March,13,2,Wednesday,0
209,2025-03-27,2025,1,3,March,13,3,Thursday,0
210,2025-03-28,2025,1,3,March,13,4,Friday,0
211,2025-03-29,2025,1,3,March,13,5,Saturday,1
212,2025-03-30,2025,1,3,March,13,6,Sunday,1
213,2025-03-31,2025,1,3,March,14,0,Monday,0
214,2025-04-01,2025,2,4,April,14,1,Tuesday,0
215,2025-04-02,2025,2,4,April,14,2,Wednesday,0
216,2025-04-03,2025,2,4,April,14,3,Thursday,0
217,2025-04-04,2025,2,4,April,14,4,Friday,0
218,2025-04-05,2025,2,4,April,14,5,Saturday,1
219,2025-04-06,2025,2,4,April,14,6,Sunday,1
220,2025-04-07,2025,2,4,April,15,0,Monday,0
221,2025-04-08,2025,2,4,April,15,1,Tuesday,0
222,2025-04-09,2025,2,4,April,15,2,Wednesday,0
223,2025-04-10,2025,2,4,April,15,3,Thursday,0
224,2025-04-11,2025,2,4,April,15,4,Friday,0
225,2025-04-12,2025,2,4,April,15,5,Saturday,1
226,2025-04-13,2025,2,4,April,15,6,Sunday,1
227,2025-04-14,2025,2,4,April,16,0,Monday,0
228,2025-04-15,2025,2,4,April,16,1,Tuesday,0
229,2025-04-16,2025,2,4,April,16,2,Wednesday,0
230,2025-04-17,2025,2,4,April,16,3,Thursday,0
231,2025-04-18,2025,2,4,April,16,4,Friday,0
232,2025-04-19,2025,2,4,April,16,5,Saturday,1
233,2025-04-20,2025,2,4,April,16,6,Sunday,1
234,2025-04-21,2025,2,4,April,17,0,Monday,0
235,2025-04-22,2025,2,4,April,17,1,Tuesday,0
236,2025-04-23,2025,2,4,April,17,2,Wednesday,0
237,2025-04-24,2025,2,4,April,17,3,Thursday,0
238,2025-04-25,2025,2,4,April,17,4,Friday,0
239,2025-04-26,2025,2,4,April,17,5,Saturday,1
240,2025-04-27,2025,2,4,April,17,6,Sunday,1
241,2025-04-28,2025,2,4,April,18,0,Monday,0
242,2025-04-29,2025,2,4,April,18,1,Tuesday,0
243,2025-04-30,2025,2,4,April,18,2,Wednesday,0
244,2025-05-01,2025,2,5,May,18,3,Thursday,0
245,2025-05-02,2025,2,5,May,18,4,Friday,0
246,2025-05-03,2025,2,5,May,18,5,Saturday,1
247,2025-05-04,2025,2,5,May,18,6,Sunday,1
248,2025-05-05,2025,2,5,May,19,0,Monday,0
249,2025-05-06,2025,2,5,May,19,1,Tuesday,0
250,2025-05-07,2025,2,5,May,19,2,Wednesday,0
251,2025-05-08,2025,2,5,May,19,3,Thursday,0
252,2025-05-09,2025,2,5,May,19,4,Friday,0
253,2025-05-10,2025,2,5,May,19,5,Saturday,1
254,2025-05-11,2025,2,5,May,19,6,Sunday,1
255,2025-05-12,2025,2,5,May,20,0,Monday,0
256,2025-05-13,2025,2,5,May,20,1,Tuesday,0
257,2025-05-14,2025,2,5,May,20,2,Wednesday,0
258,2025-05-15,2025,2,5,May,20,3,Thursday,0
259,2025-05-16,2025,2,5,May,20,4,Friday,0
260,2025-05-17,2025,2,5,May,20,5,Saturday,1
261,2025-05-18,2025,2,5,May,20,6,Sunday,1
262,2025-05-19,2025,2,5,May,21,0,Monday,0
263,2025-05-20,2025,2,5,May,21,1,Tuesday,0
264,2025-05-21,2025,2,5,May,21,2,Wednesday,0
265,2025-05-22,2025,2,5,May,21,3,Thursday,0
266,2025-05-23,2025,2,5,May,21,4,Friday,0
267,2025-05-24,2025,2,5,May,21,5,Saturday,1
268,2025-05-25,2025,2,5,May,21,6,Sunday,1
269,2025-05-26,2025,2,5,May,22,0,Monday,0
270,2025-05-27,2025,2,5,May,22,1,Tuesday,0
271,2025-05-28,2025,2,5,May,22,2,Wednesday,0
272,2025-05-29,2025,2,5,May,22,3,Thursday,0
273,2025-05-30,2025,2,5,May,22,4,Friday,0
274,2025-05-31,2025,2,5,May,22,5,Saturday,1
275,2025-06-01,2025,2,6,June,22,6,Sunday,1
276,2025-06-02,2025,2,6,June,23,0,Monday,0
277,2025-06-03,2025,2,6,June,23,1,Tuesday,0
278,2025-06-04,2025,2,6,June,23,2,Wednesday,0
279,2025-06-05,2025,2,6,June,23,3,Thursday,0
280,2025-06-06,2025,2,6,June,23,4,Friday,0
281,2025-06-07,2025,2,6,June,23,5,Saturday,1
282,2025-06-08,2025,2,6,June,23,6,Sunday,1
283,2025-06-09,2025,2,6,June,24,0,Monday,0
284,2025-06-10,2025,2,6,June,24,1,Tuesday,0
285,2025-06-11,2025,2,6,June,24,2,Wednesday,0
286,2025-06-12,2025,2,6,June,24,3,Thursday,0
287,2025-06-13,2025,2,6,June,24,4,Friday,0
288,2025-06-14,2025,2,6,June,24,5,Saturday,1
289,2025-06-15,2025,2,6,June,24,6,Sunday,1
290,2025-06-16,2025,2,6,June,25,0,Monday,0
291,2025-06-17,2025,2,6,June,25,1,Tuesday,0
292,2025-06-18,2025,2,6,June,25,2,Wednesday,0
293,2025-06-19,2025,2,6,June,25,3,Thursday,0
294,2025-06-20,2025,2,6,June,25,4,Friday,0
295,2025-06-21,2025,2,6,June,25,5,Saturday,1
296,2025-06-22,2025,2,6,June,25,6,Sunday,1
297,2025-06-23,2025,2,6,June,26,0,Monday,0
298,2025-06-24,2025,2,6,June,26,1,Tuesday,0
299,2025-06-25,2025,2,6,June,26,2,Wednesday,0
300,2025-06-26,2025,2,6,June,26,3,Thursday,0
301,2025-06-27,2025,2,6,June,26,4,Friday,0
302,2025-06-28,2025,2,6,June,26,5,Saturday,1
303,2025-06-29,2025,2,6,June,26,6,Sunday,1
304,2025-06-30,2025,2,6,June,27,0,Monday,0
305,2025-07-01,2025,3,7,July,27,1,Tuesday,0
306,2025-07-02,2025,3,7,July,27,2,Wednesday,0
307,2025-07-03,2025,3,7,July,27,3,Thursday,0
308,2025-07-04,2025,3,7,July,27,4,Friday,0
309,2025-07-05,2025,3,7,July,27,5,Saturday,1
310,2025-07-06,2025,3,7,July,27,6,Sunday,1
311,2025-07-07,2025,3,7,July,28,0,Monday,0
312,2025-07-08,2025,3,7,July,28,1,Tuesday,0
313,2025-07-09,2025,3,7,July,28,2,Wednesday,0
314,2025-07-10,2025,3,7,July,28,3,Thursday,0
315,2025-07-11,2025,3,7,July,28,4,Friday,0
316,2025-07-12,2025,3,7,July,28,5,Saturday,1
317,2025-07-13,2025,3,7,July,28,6,Sunday,1
318,2025-07-14,2025,3,7,July,29,0,Monday,0
319,2025-07-15,2025,3,7,July,29,1,Tuesday,0
320,2025-07-16,2025,3,7,July,29,2,Wednesday,0
321,2025-07-17,2025,3,7,July,29,3,Thursday,0
322,2025-07-18,2025,3,7,July,29,4,Friday,0
323,2025-07-19,2025,3,7,July,29,5,Saturday,1
324,2025-07-20,2025,3,7,July,29,6,Sunday,1
325,2025-07-21,2025,3,7,July,30,0,Monday,0
326,2025-07-22,2025,3,7,July,30,1,Tuesday,0
327,2025-07-23,2025,3,7,July,30,2,Wednesday,0
328,2025-07-24,2025,3,7,July,30,3,Thursday,0
329,2025-07-25,2025,3,7,July,30,4,Friday,0
330,2025-07-26,2025,3,7,July,30,5,Saturday,1
331,2025-07-27,2025,3,7,July,30,6,Sunday,1
332,2025-07-28,2025,3,7,July,31,0,Monday,0
333,2025-07-29,2025,3,7,July,31,1,Tuesday,0
334,2025-07-30,2025,3,7,July,31,2,Wednesday,0
335,2025-07-31,2025,3,7,July,31,3,Thursday,0
336,2025-08-01,2025,3,8,August,31,4,Friday,0
337,2025-08-02,2025,3,8,August,31,5,Saturday,1
338,2025-08-03,2025,3,8,August,31,6,Sunday,1
339,2025-08-04,2025,3,8,August,32,0,Monday,0
340,2025-08-05,2025,3,8,August,32,1,Tuesday,0
341,2025-08-06,2025,3,8,August,32,2,Wednesday,0
342,2025-08-07,2025,3,8,August,32,3,Thursday,0
343,2025-08-08,2025,3,8,August,32,4,Friday,0
344,2025-08-09,2025,3,8,August,32,5,Saturday,1
345,2025-08-10,2025,3,8,August,32,6,Sunday,1
346,2025-08-11,2025,3,8,August,33,0,Monday,0
347,2025-08-12,2025,3,8,August,33,1,Tuesday,0
348,2025-08-13,2025,3,8,August,33,2,Wednesday,0
349,2025-08-14,2025,3,8,August,33,3,Thursday,0
350,2025-08-15,2025,3,8,August,33,4,Friday,0
351,2025-08-16,2025,3,8,August,33,5,Saturday,1
352,2025-08-17,2025,3,8,August,33,6,Sunday,1
353,2025-08-18,2025,3,8,August,34,0,Monday,0
354,2025-08-19,2025,3,8,August,34,1,Tuesday,0
355,2025-08-20,2025,3,8,August,34,2,Wednesday,0
356,2025-08-21,2025,3,8,August,34,3,Thursday,0
357,2025-08-22,2025,3,8,August,34,4,Friday,0
358,2025-08-23,2025,3,8,August,34,5,Saturday,1
359,2025-08-24,2025,3,8,August,34,6,Sunday,1
360,2025-08-25,2025,3,8,August,35,0,Monday,0
361,2025-08-26,2025,3,8,August,35,1,Tuesday,0
362,2025-08-27,2025,3,8,August,35,2,Wednesday,0
363,2025-08-28,2025,3,8,August,35,3,Thursday,0
364,2025-08-29,2025,3,8,August,35,4,Friday,0
365,2025-08-30,2025,3,8,August,35,5,Saturday,1
366,2025-08-31,2025,3,8,August,35,6,Sunday,1
