account_key,account_id,home_lat,home_lon,credit_limit,account_age_days,is_dormant
1,ACC-B5FDB3F118,34.0522,-118.2437,10000,2846,False
2,ACC-D3A341A375,47.6062,-122.3321,25000,2462,False
3,ACC-536D1A7154,37.7749,-122.4194,25000,3396,False
4,ACC-781F8A1ED1,29.4241,-98.4936,10000,3507,False
5,ACC-6A40A8A786,29.4241,-98.4936,10000,2581,False
6,ACC-97A5748AAD,39.7392,-104.9903,25000,1372,False
7,ACC-CD01A7DCAE,34.0522,-118.2437,5000,2198,False
8,ACC-6E9FBD3D71,25.7617,-80.1918,25000,1568,False
9,ACC-7C92C2D239,29.7604,-95.3698,10000,2307,False
10,ACC-B39D43A461,34.0522,-118.2437,5000,2969,False
11,ACC-FE42263DBA,32.7157,-117.1611,1000,1366,True
12,ACC-3A0FBD31B8,33.749,-84.388,25000,1860,False
13,ACC-87B3374870,47.6062,-122.3321,1000,195,False
14,ACC-FE68ADF5CD,47.6062,-122.3321,5000,2696,False
15,ACC-91FF06FC9F,25.7617,-80.1918,5000,1803,False
16,ACC-9A3F2911EF,47.6062,-122.3321,5000,1694,False
17,ACC-8A27ED544C,32.7157,-117.1611,5000,1957,False
18,ACC-85AA2A6B20,34.0522,-118.2437,10000,810,True
19,ACC-2C8A164498,39.7392,-104.9903,1000,2194,False
20,ACC-9A5A54054D,29.4241,-98.4936,25000,2727,False
21,ACC-75BBD99A1E,32.7157,-117.1611,25000,1295,False
22,ACC-8B1066CF0F,39.9526,-75.1652,5000,504,False
23,ACC-61A2381F73,41.8781,-87.6298,5000,1430,True
24,ACC-C6A1C5CED5,42.3601,-71.0589,10000,748,False
25,ACC-F6F86351CF,47.6062,-122.3321,5000,1383,False
26,ACC-57E850342F,37.7749,-122.4194,5000,2299,False
27,ACC-68C1E0A7C6,29.4241,-98.4936,50000,440,False
28,ACC-D3183B8378,39.7392,-104.9903,50000,2735,False
29,ACC-7853623FAF,32.7767,-96.797,25000,843,False
30,ACC-498F5ADB28,29.4241,-98.4936,5000,3268,False
31,ACC-CEE8207E8D,29.4241,-98.4936,10000,2681,True
32,ACC-A114645349,29.7604,-95.3698,10000,1016,False
33,ACC-AB61AFDC75,34.0522,-118.2437,5000,2068,False
34,ACC-40F0233E2C,32.7767,-96.797,10000,430,False
35,ACC-21EF22A9BF,42.3601,-71.0589,1000,391,False
36,ACC-66AE511E06,40.7128,-74.006,5000,3490,False
37,ACC-7D254D2181,39.7392,-104.9903,10000,2934,False
38,ACC-326A41D16E,39.7392,-104.9903,5000,589,True
39,ACC-5F87062CB3,33.4484,-112.074,5000,1053,False
40,ACC-14790D8018,37.7749,-122.4194,25000,745,False
41,ACC-B6B48F3B51,41.8781,-87.6298,50000,1460,False
42,ACC-3923853D56,47.6062,-122.3321,10000,1084,False
43,ACC-9822C3C0AC,25.7617,-80.1918,25000,1217,False
44,ACC-3FCBCB4F59,39.9526,-75.1652,50000,1946,False
45,ACC-3F5236DBE4,34.0522,-118.2437,5000,714,False
46,ACC-00001999D4,33.749,-84.388,10000,3225,True
47,ACC-AAE2A5AF46,29.4241,-98.4936,5000,2664,False
48,ACC-9C58D66D7B,42.3601,-71.0589,1000,2783,False
49,ACC-3A415D3E6A,25.7617,-80.1918,25000,643,False
50,ACC-CB724116AB,47.6062,-122.3321,10000,2593,False
51,ACC-56A35E70F7,47.6062,-122.3321,10000,3057,False
52,ACC-A8FE3DBD8D,41.8781,-87.6298,5000,664,True
53,ACC-7C43860F0E,39.9526,-75.1652,5000,2749,False
54,ACC-41B1FC94FD,32.7157,-117.1611,25000,1324,False
55,ACC-281FF2C405,32.7157,-117.1611,1000,2881,False
56,ACC-D395F9F409,40.7128,-74.006,5000,1761,False
57,ACC-09A7CC3824,32.7767,-96.797,5000,2933,False
58,ACC-3F33F790D8,41.8781,-87.6298,10000,563,False
59,ACC-0188376CED,47.6062,-122.3321,10000,1438,False
60,ACC-E168C2E45C,25.7617,-80.1918,10000,1019,False
61,ACC-676C7C3F16,42.3601,-71.0589,1000,929,False
62,ACC-10D5B1DD9F,47.6062,-122.3321,5000,1146,False
63,ACC-788020A3CB,39.9526,-75.1652,25000,1414,False
64,ACC-A982F93290,33.749,-84.388,10000,490,False
65,ACC-02978BD78F,29.4241,-98.4936,10000,2589,False
66,ACC-9556DAE6A1,33.4484,-112.074,10000,2021,False
67,ACC-F8BFA3A9C5,42.3601,-71.0589,25000,3031,False
68,ACC-8BBF34B25E,39.9526,-75.1652,1000,2582,False
69,ACC-9E8C7FE0BE,34.0522,-118.2437,5000,569,False
70,ACC-0785CA9D6B,32.7157,-117.1611,10000,283,False
71,ACC-1ACE69FA87,47.6062,-122.3321,5000,1560,False
72,ACC-42D818DDCF,41.8781,-87.6298,25000,1771,False
73,ACC-AB40E77047,29.4241,-98.4936,10000,899,False
74,ACC-241569440A,34.0522,-118.2437,25000,2861,False
75,ACC-C9C4943633,25.7617,-80.1918,25000,2135,False
76,ACC-92BBDD0BFD,32.7157,-117.1611,10000,2737,False
77,ACC-98160B980B,33.4484,-112.074,25000,424,False
78,ACC-BAACB25D98,29.7604,-95.3698,10000,2980,False
79,ACC-5D3164499A,32.7767,-96.797,25000,776,False
80,ACC-0EE17AEBFA,25.7617,-80.1918,5000,1652,True
81,ACC-893042D4D5,33.749,-84.388,10000,1620,False
82,ACC-16A6E8633E,29.4241,-98.4936,10000,3000,False
83,ACC-6A1D85F2ED,41.8781,-87.6298,5000,1032,False
84,ACC-A9F58C216A,39.7392,-104.9903,5000,901,False
85,ACC-48B8FC6649,37.7749,-122.4194,25000,1259,False
86,ACC-BE28F7EF76,25.7617,-80.1918,10000,1336,False
87,ACC-0986DBAB1D,34.0522,-118.2437,5000,687,False
88,ACC-EC2CB33053,33.4484,-112.074,5000,668,False
89,ACC-666BC01C2C,47.6062,-122.3321,5000,867,False
90,ACC-591594EFDC,39.7392,-104.9903,1000,1722,False
91,ACC-F231332BAC,29.4241,-98.4936,25000,1272,False
92,ACC-5B11F072A0,39.7392,-104.9903,10000,1449,False
93,ACC-CE589DC5B6,39.7392,-104.9903,5000,2632,False
94,ACC-10B06CFA07,39.9526,-75.1652,10000,902,False
95,ACC-40031688BE,42.3601,-71.0589,1000,3323,False
96,ACC-663E99E3CA,33.4484,-112.074,5000,2751,False
97,ACC-8E9A99090D,29.7604,-95.3698,10000,662,True
98,ACC-71CF1611BF,25.7617,-80.1918,10000,1166,False
99,ACC-0FEF62A6AE,37.7749,-122.4194,50000,694,False
100,ACC-DE762533BE,41.8781,-87.6298,10000,1017,False
101,ACC-B75C23014B,39.7392,-104.9903,10000,1353,False
102,ACC-E01857A3CA,41.8781,-87.6298,25000,503,False
103,ACC-CDFFF9D3E6,39.7392,-104.9903,25000,82,False
104,ACC-B39FD39987,40.7128,-74.006,10000,1618,False
105,ACC-E2290821E6,47.6062,-122.3321,50000,2567,False
106,ACC-C2A42B7E94,47.6062,-122.3321,25000,1126,False
107,ACC-24B8DEF21E,47.6062,-122.3321,25000,3144,False
108,ACC-94F11493B4,37.7749,-122.4194,5000,1366,False
109,ACC-4CC7FC2EC5,32.7157,-117.1611,10000,3290,False
110,ACC-A57C3E2C11,25.7617,-80.1918,10000,884,False
111,ACC-75C1769F7F,33.4484,-112.074,10000,1982,False
112,ACC-0E1E986F58,47.6062,-122.3321,10000,2792,False
113,ACC-067D82399A,32.7767,-96.797,50000,243,False
114,ACC-E8771E0685,29.4241,-98.4936,50000,3396,False
115,ACC-D30BABEBFF,32.7157,-117.1611,5000,1351,True
116,ACC-F05E1704BE,32.7767,-96.797,10000,1832,False
117,ACC-FA356EAF93,40.7128,-74.006,10000,2304,False
118,ACC-1380D3A9DC,41.8781,-87.6298,5000,2357,True
119,ACC-C6A4BDA724,29.7604,-95.3698,5000,115,False
120,ACC-E78035A3FE,34.0522,-118.2437,1000,3169,False
121,ACC-29AF0A9B21,29.4241,-98.4936,25000,2287,False
122,ACC-A7BBB42C88,25.7617,-80.1918,10000,3645,True
123,ACC-E32F485F19,37.7749,-122.4194,50000,1736,False
124,ACC-E2AB0E620B,32.7157,-117.1611,10000,2250,False
125,ACC-FE76511D43,39.7392,-104.9903,50000,1626,False
126,ACC-3E0CAAB87A,32.7767,-96.797,10000,3251,False
127,ACC-154AD0D338,34.0522,-118.2437,25000,3043,False
128,ACC-A901C359C4,47.6062,-122.3321,1000,3319,False
129,ACC-B63B7E6DE1,32.7767,-96.797,10000,1855,False
130,ACC-9AEBB21B21,37.7749,-122.4194,25000,2895,True
131,ACC-8598173343,32.7767,-96.797,25000,1328,False
132,ACC-83BF305FD4,32.7767,-96.797,25000,1698,False
133,ACC-16AB19ED2E,34.0522,-118.2437,1000,2781,False
134,ACC-3C923FC7BE,32.7767,-96.797,5000,323,False
135,ACC-FB26BE1B9E,47.6062,-122.3321,1000,2601,False
136,ACC-B1B354C5E7,33.4484,-112.074,5000,87,False
137,ACC-44A6910603,37.7749,-122.4194,10000,2131,False
138,ACC-DF2474466E,40.7128,-74.006,10000,1757,False
139,ACC-D9401B741A,39.9526,-75.1652,25000,1726,False
140,ACC-7768D5BC20,29.4241,-98.4936,25000,1819,False
141,ACC-527C01BB98,33.749,-84.388,10000,1810,False
142,ACC-B4E334CAC4,29.7604,-95.3698,25000,1504,False
143,ACC-8035A56140,33.4484,-112.074,1000,1663,False
144,ACC-E41F45314C,29.4241,-98.4936,5000,2086,False
145,ACC-915C14110B,33.749,-84.388,10000,2793,False
146,ACC-2FA887C096,39.7392,-104.9903,25000,2028,False
147,ACC-E7015A74CE,40.7128,-74.006,1000,2355,False
148,ACC-E74840F629,29.7604,-95.3698,10000,3058,False
149,ACC-23B28408EF,39.7392,-104.9903,10000,3612,False
150,ACC-FEC6575015,40.7128,-74.006,1000,423,False
151,ACC-93925058C7,39.7392,-104.9903,10000,2610,False
152,ACC-20703018F8,33.4484,-112.074,25000,845,True
153,ACC-A7FB77FA97,42.3601,-71.0589,10000,742,False
154,ACC-43F2B78028,33.4484,-112.074,5000,2900,False
155,ACC-4C7A515861,29.4241,-98.4936,25000,278,False
156,ACC-0AAAE78294,37.7749,-122.4194,5000,3099,False
157,ACC-C0A0167403,34.0522,-118.2437,25000,2819,False
158,ACC-8626788FC2,32.7767,-96.797,5000,3631,False
159,ACC-5514792A18,32.7157,-117.1611,10000,2447,False
160,ACC-FF327F8192,47.6062,-122.3321,5000,3189,True
161,ACC-FBF3918016,33.749,-84.388,5000,459,False
162,ACC-1F2E0FACA2,37.7749,-122.4194,25000,3251,False
163,ACC-0DF4F54DD1,29.4241,-98.4936,5000,610,False
164,ACC-A59130EC3C,29.4241,-98.4936,1000,1167,False
165,ACC-08B8DA73B5,29.4241,-98.4936,5000,494,False
166,ACC-9DF6394918,39.7392,-104.9903,10000,1484,False
167,ACC-9FFF78F635,33.4484,-112.074,25000,2741,False
168,ACC-9E925B2D30,41.8781,-87.6298,50000,1000,False
169,ACC-AF5ED1AF7F,39.9526,-75.1652,5000,3006,False
170,ACC-2B229DCDBE,40.7128,-74.006,10000,2224,False
171,ACC-2B5641365A,34.0522,-118.2437,5000,2306,False
172,ACC-FDA0571172,34.0522,-118.2437,10000,3428,False
173,ACC-06636DA3A9,47.6062,-122.3321,50000,1593,False
174,ACC-1F232D1AEA,25.7617,-80.1918,10000,1277,False
175,ACC-E594C286BD,25.7617,-80.1918,10000,3630,False
176,ACC-A2BA74300B,29.4241,-98.4936,5000,2046,False
177,ACC-1F166928B1,25.7617,-80.1918,25000,2254,False
178,ACC-F25D14181B,41.8781,-87.6298,10000,1102,False
179,ACC-9741784218,42.3601,-71.0589,5000,809,False
180,ACC-D831D6806C,32.7157,-117.1611,5000,644,False
181,ACC-A3537F570B,33.749,-84.388,1000,839,False
182,ACC-EF2BEA5122,41.8781,-87.6298,5000,736,False
183,ACC-732CDE1941,32.7157,-117.1611,1000,2733,False
184,ACC-CF009B780C,25.7617,-80.1918,10000,239,False
185,ACC-6AD6EB9347,32.7157,-117.1611,10000,2308,False
186,ACC-2E8E3DA190,29.4241,-98.4936,5000,3466,False
187,ACC-74B36D97E4,41.8781,-87.6298,10000,2801,False
188,ACC-F0AC9DC9B6,39.9526,-75.1652,50000,1488,False
189,ACC-9F2EB9F9F7,29.7604,-95.3698,25000,245,False
190,ACC-8EE774F3DF,33.4484,-112.074,10000,3049,False
191,ACC-377B2B81D8,25.7617,-80.1918,5000,41,False
192,ACC-87DEB18E9E,37.7749,-122.4194,25000,2496,False
193,ACC-50C391A48E,37.7749,-122.4194,5000,2458,False
194,ACC-D480C5B2ED,39.9526,-75.1652,5000,724,False
195,ACC-420DE20602,33.749,-84.388,25000,2708,False
196,ACC-9650887BA8,34.0522,-118.2437,10000,665,False
197,ACC-43757C1A38,39.9526,-75.1652,10000,846,False
198,ACC-2A0FCB8B67,34.0522,-118.2437,10000,2969,False
199,ACC-4E1C7677D6,39.9526,-75.1652,10000,3574,False
200,ACC-78BB0A294B,33.749,-84.388,5000,988,False
201,ACC-53157E852F,39.9526,-75.1652,5000,3365,False
202,ACC-098D5F3D24,42.3601,-71.0589,5000,3336,False
203,ACC-3D4D21CE1A,32.7157,-117.1611,5000,2815,False
204,ACC-70481534AC,25.7617,-80.1918,25000,537,False
205,ACC-1413138021,29.4241,-98.4936,5000,1113,False
206,ACC-BCFF799097,29.7604,-95.3698,10000,2483,False
207,ACC-41732A5E38,47.6062,-122.3321,25000,3647,False
208,ACC-0E526EB48C,33.749,-84.388,25000,2978,False
209,ACC-80B90F8F34,29.7604,-95.3698,10000,1551,False
210,ACC-D0F1E01FD9,47.6062,-122.3321,10000,881,False
211,ACC-FDC63F2D67,29.7604,-95.3698,50000,3506,False
212,ACC-1373B3377D,25.7617,-80.1918,10000,1029,False
213,ACC-DBFAEE3B36,47.6062,-122.3321,25000,1268,False
214,ACC-D1E740E412,29.4241,-98.4936,25000,3521,False
215,ACC-855892CDE4,47.6062,-122.3321,25000,2063,False
216,ACC-5FE9DD8A76,33.4484,-112.074,5000,987,False
217,ACC-DFD2E4C6FC,34.0522,-118.2437,10000,49,False
218,ACC-575C04B5C2,34.0522,-118.2437,5000,1586,False
219,ACC-CC98DA33E5,29.4241,-98.4936,10000,3599,False
220,ACC-B43EE0F569,42.3601,-71.0589,50000,1595,False
221,ACC-E7F98C4CE1,34.0522,-118.2437,10000,2562,False
222,ACC-F12EFEE59A,29.4241,-98.4936,10000,945,False
223,ACC-E607F58949,25.7617,-80.1918,1000,2837,False
224,ACC-386B92CF8E,29.7604,-95.3698,50000,2838,False
225,ACC-8119B6D238,25.7617,-80.1918,5000,2232,False
226,ACC-A03C23AC4C,33.4484,-112.074,1000,2824,False
227,ACC-F3B624476B,39.7392,-104.9903,5000,2125,False
228,ACC-98634A72A9,32.7767,-96.797,1000,1399,False
229,ACC-A12D01F8A9,32.7767,-96.797,10000,2701,True
230,ACC-80C136768F,41.8781,-87.6298,10000,3053,False
231,ACC-DB817E8699,29.4241,-98.4936,5000,3074,False
232,ACC-DE5CB112DB,39.7392,-104.9903,1000,801,False
233,ACC-BE36904CD0,40.7128,-74.006,5000,2479,False
234,ACC-ED7BD912A3,47.6062,-122.3321,5000,45,False
235,ACC-2EA613337A,32.7157,-117.1611,1000,2100,False
236,ACC-466944FD46,25.7617,-80.1918,10000,2097,False
237,ACC-6B485A1387,37.7749,-122.4194,5000,1345,False
238,ACC-A9EAE55D7F,29.4241,-98.4936,5000,3628,False
239,ACC-B99002AAAB,33.4484,-112.074,5000,3226,False
240,ACC-47C018D056,37.7749,-122.4194,10000,169,False
241,ACC-CB226E3ECA,41.8781,-87.6298,1000,785,False
242,ACC-2DAC934E3A,32.7767,-96.797,5000,782,False
243,ACC-7ACF93FD24,34.0522,-118.2437,25000,3279,False
244,ACC-D2D710B9BB,37.7749,-122.4194,1000,1908,False
245,ACC-4E7ACAA531,37.7749,-122.4194,10000,2668,False
246,ACC-C19C97053B,34.0522,-118.2437,10000,2961,False
247,ACC-76597AC8AB,47.6062,-122.3321,5000,2808,False
248,ACC-3F239768AB,29.4241,-98.4936,10000,352,False
249,ACC-E5AD8F914B,47.6062,-122.3321,25000,538,False
250,ACC-01C02DED9D,40.7128,-74.006,25000,1460,False
251,ACC-0622A1E31F,41.8781,-87.6298,5000,1254,False
252,ACC-D85125419F,32.7157,-117.1611,5000,2734,False
253,ACC-CE69279884,41.8781,-87.6298,5000,595,False
254,ACC-154647BF92,33.4484,-112.074,10000,1374,False
255,ACC-C2E86816FF,37.7749,-122.4194,10000,886,False
256,ACC-1060B36CAC,41.8781,-87.6298,5000,713,False
257,ACC-BAFECBFB72,25.7617,-80.1918,5000,655,False
258,ACC-3EA6C937A4,34.0522,-118.2437,25000,737,False
259,ACC-9FA49632D8,41.8781,-87.6298,1000,2073,False
260,ACC-FB56F68146,32.7767,-96.797,10000,1514,False
261,ACC-16266A545C,47.6062,-122.3321,10000,1605,False
262,ACC-A48590A540,41.8781,-87.6298,5000,1765,False
263,ACC-44CCE67C89,33.4484,-112.074,1000,2712,False
264,ACC-3F9FD647D2,42.3601,-71.0589,5000,3149,False
265,ACC-4ECF60B178,33.749,-84.388,25000,1935,False
266,ACC-5CE22C18EA,32.7767,-96.797,1000,2354,False
267,ACC-30E3CA57E4,29.4241,-98.4936,5000,2703,False
268,ACC-C7630E18ED,39.9526,-75.1652,1000,2529,False
269,ACC-4059035128,37.7749,-122.4194,5000,516,False
270,ACC-53451190AE,32.7767,-96.797,10000,3588,False
271,ACC-7EA51D7AAF,33.4484,-112.074,5000,626,False
272,ACC-767E2DA68A,40.7128,-74.006,10000,1520,False
273,ACC-670E77ACE4,41.8781,-87.6298,10000,2392,False
274,ACC-614E505A86,33.749,-84.388,25000,1490,False
275,ACC-A252CF2767,29.4241,-98.4936,1000,910,False
276,ACC-37DE0646EC,32.7157,-117.1611,25000,3372,True
277,ACC-A5D116AADD,32.7157,-117.1611,10000,288,False
278,ACC-EC3B80B87F,47.6062,-122.3321,5000,920,False
279,ACC-921D1FB34C,40.7128,-74.006,25000,3624,False
280,ACC-FA57E86B77,34.0522,-118.2437,25000,2671,False
281,ACC-04E24E4A5B,33.4484,-112.074,5000,344,False
282,ACC-C745A60AFD,32.7157,-117.1611,25000,2761,False
283,ACC-7C315A0B21,25.7617,-80.1918,10000,3539,False
284,ACC-751E6E1D63,32.7157,-117.1611,10000,383,False
285,ACC-9DF9DA48D1,29.4241,-98.4936,50000,1528,False
286,ACC-280E7B1FCD,33.749,-84.388,5000,1724,False
287,ACC-807A96AC42,41.8781,-87.6298,25000,504,False
288,ACC-8BD00847A1,32.7767,-96.797,5000,756,False
289,ACC-D09B1D8BCD,32.7767,-96.797,25000,658,False
290,ACC-C02FFE9036,32.7157,-117.1611,10000,701,False
291,ACC-648D1E3633,39.7392,-104.9903,5000,1490,False
292,ACC-962940F432,33.4484,-112.074,10000,1709,False
293,ACC-DD5BF005FC,33.749,-84.388,5000,891,False
294,ACC-D607497526,33.4484,-112.074,1000,1077,False
295,ACC-CF14AD9F0E,32.7767,-96.797,1000,725,False
296,ACC-6A2E1706EA,32.7157,-117.1611,5000,2911,True
297,ACC-35FCB11D39,39.7392,-104.9903,1000,796,False
298,ACC-3E5ABAA631,29.4241,-98.4936,5000,3315,True
299,ACC-69CAAF4E28,33.4484,-112.074,10000,1980,True
300,ACC-EB607C05C8,40.7128,-74.006,10000,2935,False
301,ACC-D6F2E76B14,39.9526,-75.1652,10000,2333,False
302,ACC-0C6BD98DBD,39.7392,-104.9903,5000,993,False
303,ACC-04938DA131,40.7128,-74.006,25000,2206,False
304,ACC-84F34F6F3E,42.3601,-71.0589,10000,1022,False
305,ACC-CFAEC80B23,32.7767,-96.797,5000,459,False
306,ACC-FA2FC1931E,41.8781,-87.6298,5000,952,False
307,ACC-E69E36161F,33.4484,-112.074,10000,1027,False
308,ACC-CC5B73B70E,32.7767,-96.797,5000,518,False
309,ACC-333CC9ECD0,33.4484,-112.074,10000,115,False
310,ACC-6C432B6F96,34.0522,-118.2437,50000,3446,False
311,ACC-077C3168AA,37.7749,-122.4194,1000,1888,False
312,ACC-4CB0E909AD,25.7617,-80.1918,1000,1485,False
313,ACC-E18ADFEF57,34.0522,-118.2437,50000,3396,False
314,ACC-42EB9AED8E,33.4484,-112.074,10000,843,False
315,ACC-BD5CFB1662,29.7604,-95.3698,5000,1488,False
316,ACC-FA401E0C36,37.7749,-122.4194,25000,3094,False
317,ACC-73C6DB9536,25.7617,-80.1918,25000,2317,False
318,ACC-F18AC56B26,25.7617,-80.1918,10000,1475,False
319,ACC-4F1371ECDB,33.749,-84.388,10000,956,False
320,ACC-883298B901,47.6062,-122.3321,5000,157,False
321,ACC-A53D4BA57B,33.4484,-112.074,1000,337,True
322,ACC-1B9AB85585,34.0522,-118.2437,10000,616,False
323,ACC-B68A5F7B9F,37.7749,-122.4194,5000,2877,False
324,ACC-70380F06D8,42.3601,-71.0589,10000,2344,False
325,ACC-1A32879FEE,33.749,-84.388,25000,1599,False
326,ACC-8CA4260792,29.7604,-95.3698,1000,2864,False
327,ACC-BFAE76F773,29.7604,-95.3698,10000,612,False
328,ACC-29B8ACF75E,40.7128,-74.006,5000,793,False
329,ACC-E9BC768164,41.8781,-87.6298,25000,1451,False
330,ACC-8F4B65DAA8,32.7767,-96.797,5000,3350,False
331,ACC-E9E65ADE88,32.7767,-96.797,10000,2253,False
332,ACC-FE1BA001FA,39.9526,-75.1652,10000,3110,False
333,ACC-A5BA070086,33.4484,-112.074,5000,928,False
334,ACC-1B98A324D9,39.7392,-104.9903,10000,3101,False
335,ACC-33A041DB1E,29.4241,-98.4936,10000,292,False
336,ACC-A891AE788C,39.7392,-104.9903,10000,854,False
337,ACC-CD941331AA,33.749,-84.388,25000,1923,False
338,ACC-EE8168C79F,33.4484,-112.074,50000,212,False
339,ACC-729EB03E37,29.7604,-95.3698,10000,3136,False
340,ACC-21B4CAF37F,33.749,-84.388,10000,3170,False
341,ACC-0DC87A165E,37.7749,-122.4194,1000,1990,False
342,ACC-316FB3A2D4,33.4484,-112.074,25000,1136,False
343,ACC-FEEAC36C50,37.7749,-122.4194,10000,388,False
344,ACC-8431049173,32.7157,-117.1611,10000,2270,False
345,ACC-34637A29CD,42.3601,-71.0589,1000,1976,False
346,ACC-7F11B73D9A,29.7604,-95.3698,25000,2781,False
347,ACC-FF3E15D267,33.749,-84.388,5000,2211,False
348,ACC-AD1F172F63,33.749,-84.388,10000,494,False
349,ACC-97780FD163,41.8781,-87.6298,5000,470,False
350,ACC-8680D7C78B,41.8781,-87.6298,50000,2856,True
351,ACC-DB94E2B00C,32.7157,-117.1611,5000,605,False
352,ACC-077345072B,40.7128,-74.006,5000,3427,False
353,ACC-3F11021CC4,33.4484,-112.074,25000,413,False
354,ACC-8BC9D102D3,29.4241,-98.4936,25000,2666,False
355,ACC-3ACE44E372,33.749,-84.388,5000,3560,False
356,ACC-990644D954,33.749,-84.388,10000,1627,False
357,ACC-473A47AE74,41.8781,-87.6298,10000,235,False
358,ACC-2465461648,42.3601,-71.0589,25000,3203,False
359,ACC-4D4B15C4BC,34.0522,-118.2437,5000,708,False
360,ACC-BE17B497B9,47.6062,-122.3321,10000,1939,False
361,ACC-A29162CE3A,39.7392,-104.9903,10000,3594,False
362,ACC-5429804580,42.3601,-71.0589,10000,2726,False
363,ACC-13DD8E0D6B,29.7604,-95.3698,25000,197,False
364,ACC-675D9D4B50,42.3601,-71.0589,10000,3000,False
365,ACC-7A1548A39B,34.0522,-118.2437,5000,613,False
366,ACC-131FB9B461,32.7157,-117.1611,25000,2742,False
367,ACC-FC974CC26A,32.7157,-117.1611,25000,2277,False
368,ACC-412BC26AD3,33.4484,-112.074,25000,1072,False
369,ACC-0547997022,40.7128,-74.006,1000,1563,False
370,ACC-99659853AB,47.6062,-122.3321,5000,456,False
371,ACC-CFD4F79F91,39.9526,-75.1652,10000,3602,False
372,ACC-A924D604F7,37.7749,-122.4194,1000,892,False
373,ACC-AB02B690C9,29.4241,-98.4936,50000,1147,False
374,ACC-C10E34962A,39.9526,-75.1652,5000,1850,False
375,ACC-4E9406BB46,42.3601,-71.0589,10000,2464,False
376,ACC-B849CA9714,34.0522,-118.2437,25000,1859,False
377,ACC-EF030BD951,47.6062,-122.3321,5000,1858,False
378,ACC-0788FC153D,47.6062,-122.3321,5000,2139,False
379,ACC-740A999EA4,39.9526,-75.1652,10000,3134,False
380,ACC-BB3CAA0D82,29.7604,-95.3698,10000,1460,False
381,ACC-23398063AF,40.7128,-74.006,10000,3042,False
382,ACC-B8A8DF0237,33.749,-84.388,10000,2878,False
383,ACC-9388EAF6D3,33.749,-84.388,25000,3508,False
384,ACC-7493587687,29.7604,-95.3698,10000,3335,True
385,ACC-DEB77485B9,40.7128,-74.006,5000,2919,True
386,ACC-13D848445D,34.0522,-118.2437,5000,923,False
387,ACC-A50CB55660,34.0522,-118.2437,5000,2832,False
388,ACC-ADF54F3A25,39.7392,-104.9903,5000,2696,True
389,ACC-4226E18587,42.3601,-71.0589,5000,1077,False
390,ACC-3EDA462A38,41.8781,-87.6298,10000,2484,False
391,ACC-805B6864F5,47.6062,-122.3321,5000,945,False
392,ACC-B0DC0FA95E,41.8781,-87.6298,50000,1923,False
393,ACC-832D8C0991,39.9526,-75.1652,5000,2914,False
394,ACC-7DEDAD9F75,32.7767,-96.797,1000,712,True
395,ACC-B32EA1B1F2,25.7617,-80.1918,25000,1249,False
396,ACC-91965DA409,42.3601,-71.0589,25000,2908,False
397,ACC-99D7582BC4,40.7128,-74.006,5000,1672,False
398,ACC-EECA964BFD,41.8781,-87.6298,5000,3507,False
399,ACC-7215FCF05C,33.4484,-112.074,5000,58,False
400,ACC-C035E1EB1F,33.4484,-112.074,10000,2643,False
401,ACC-A9A35E12C1,33.749,-84.388,10000,2977,False
402,ACC-1937D3F7C4,47.6062,-122.3321,5000,3352,False
403,ACC-99F400A30B,33.4484,-112.074,1000,597,False
404,ACC-61CD3B87D9,33.749,-84.388,10000,3592,False
405,ACC-AD07765B15,32.7157,-117.1611,50000,1450,False
406,ACC-430422225C,32.7157,-117.1611,10000,1304,False
407,ACC-DA539EB73A,29.4241,-98.4936,10000,1317,False
408,ACC-4F916CA7B6,41.8781,-87.6298,5000,2340,False
409,ACC-9D62313175,33.749,-84.388,5000,2416,False
410,ACC-5224B92067,40.7128,-74.006,5000,1745,False
411,ACC-C2757BA095,41.8781,-87.6298,25000,287,False
412,ACC-A3CDA73184,29.7604,-95.3698,25000,3601,False
413,ACC-6255BF6A69,33.4484,-112.074,25000,834,False
414,ACC-E6BFA5DE2E,34.0522,-118.2437,50000,369,False
415,ACC-CD0E4C9FDA,40.7128,-74.006,50000,2192,False
416,ACC-0B0A30C73B,25.7617,-80.1918,50000,1522,False
417,ACC-F94D07C61F,33.749,-84.388,1000,2258,False
418,ACC-0826652124,34.0522,-118.2437,5000,3199,False
419,ACC-35913461C6,33.4484,-112.074,5000,382,False
420,ACC-D6B789E5BA,32.7157,-117.1611,10000,1058,False
421,ACC-53AB8ED9DA,42.3601,-71.0589,1000,1899,False
422,ACC-CB17AA0C97,25.7617,-80.1918,25000,2881,False
423,ACC-EB43BFD453,47.6062,-122.3321,10000,2204,False
424,ACC-440026E66C,32.7767,-96.797,10000,1415,False
425,ACC-45D8E1C56D,29.4241,-98.4936,5000,2238,False
426,ACC-2A3CA96475,41.8781,-87.6298,5000,3577,False
427,ACC-F573FBE811,39.7392,-104.9903,5000,1767,False
428,ACC-DF22F32276,39.7392,-104.9903,25000,3228,False
429,ACC-DADEBA705D,40.7128,-74.006,10000,2853,False
430,ACC-A893DFF4D8,25.7617,-80.1918,10000,1120,False
431,ACC-44AEB15B53,34.0522,-118.2437,5000,933,False
432,ACC-116024EBC3,47.6062,-122.3321,5000,2818,False
433,ACC-AC5C1803B9,39.7392,-104.9903,10000,781,False
434,ACC-1DE96F05A0,34.0522,-118.2437,25000,1249,False
435,ACC-898C7FDFBA,29.4241,-98.4936,25000,882,False
436,ACC-2909BE1723,34.0522,-118.2437,5000,2225,False
437,ACC-41B53F170A,32.7767,-96.797,25000,1094,False
438,ACC-4693DCD25D,42.3601,-71.0589,5000,2413,False
439,ACC-CC209ADFE7,34.0522,-118.2437,25000,3414,False
440,ACC-DACE148C1B,39.9526,-75.1652,5000,3033,False
441,ACC-B1DD617AB8,33.749,-84.388,5000,3461,False
442,ACC-753000DD76,33.4484,-112.074,25000,118,False
443,ACC-934BA0B73A,34.0522,-118.2437,5000,1678,False
444,ACC-32AAE825AD,32.7157,-117.1611,10000,826,False
445,ACC-20C6AF3AB7,32.7157,-117.1611,10000,3352,False
446,ACC-BF69E85E08,37.7749,-122.4194,5000,2607,False
447,ACC-EDD3A1ACAD,33.4484,-112.074,10000,1189,True
448,ACC-64B4C1ED49,33.749,-84.388,25000,2069,False
449,ACC-971A9C1ECF,32.7157,-117.1611,25000,2221,False
450,ACC-29956F485F,33.4484,-112.074,5000,1824,False
451,ACC-762A1997F0,33.749,-84.388,10000,1747,False
452,ACC-0BCD43993D,42.3601,-71.0589,5000,229,False
453,ACC-2E52FDDDE5,32.7157,-117.1611,5000,1667,False
454,ACC-0008060331,40.7128,-74.006,5000,1290,False
455,ACC-E9659DD31F,32.7767,-96.797,25000,2992,False
456,ACC-D09B23828F,32.7767,-96.797,25000,3161,False
457,ACC-580B24A04B,41.8781,-87.6298,25000,2746,False
458,ACC-303FB82989,37.7749,-122.4194,10000,141,False
459,ACC-D545C5A3A7,39.7392,-104.9903,10000,3075,False
460,ACC-A4AF683CA8,34.0522,-118.2437,10000,1465,False
461,ACC-3F4836C973,25.7617,-80.1918,10000,1537,False
462,ACC-6C8A7FA6A8,41.8781,-87.6298,10000,3451,False
463,ACC-9ABB47E937,47.6062,-122.3321,5000,3169,False
464,ACC-F514E7C349,29.4241,-98.4936,5000,214,False
465,ACC-E676704F8A,40.7128,-74.006,50000,1332,False
466,ACC-0492A70CBB,33.749,-84.388,10000,2743,False
467,ACC-B20672E7F5,41.8781,-87.6298,50000,1980,False
468,ACC-04E88344E4,32.7767,-96.797,5000,962,False
469,ACC-4CD6B85D98,41.8781,-87.6298,10000,1929,False
470,ACC-51E850226B,42.3601,-71.0589,5000,3167,False
471,ACC-48017312F4,47.6062,-122.3321,5000,838,False
472,ACC-FE1BCD277C,39.7392,-104.9903,1000,2730,False
473,ACC-2853330577,29.4241,-98.4936,5000,2689,False
474,ACC-9133CA2632,32.7157,-117.1611,25000,3236,False
475,ACC-4CBA434BAA,37.7749,-122.4194,5000,1108,False
476,ACC-35725DDA7B,47.6062,-122.3321,10000,811,False
477,ACC-0FA6D3534C,39.7392,-104.9903,10000,2012,False
478,ACC-E092F21742,40.7128,-74.006,10000,1953,False
479,ACC-A03C82F7F4,37.7749,-122.4194,10000,1512,False
480,ACC-9FE0067A33,34.0522,-118.2437,5000,2850,False
481,ACC-4F766084DF,33.4484,-112.074,50000,2922,False
482,ACC-3AA53ABE05,39.7392,-104.9903,25000,919,False
483,ACC-0E81F3F7C8,29.7604,-95.3698,10000,2909,False
484,ACC-16B5F1D736,47.6062,-122.3321,10000,865,False
485,ACC-D976F52572,29.4241,-98.4936,5000,1505,False
486,ACC-96D1B74761,29.7604,-95.3698,25000,128,False
487,ACC-C6F1E4466F,39.9526,-75.1652,5000,1262,False
488,ACC-3A7C1AF318,32.7157,-117.1611,1000,3499,False
489,ACC-EB40032C33,47.6062,-122.3321,5000,1632,False
490,ACC-308FD1B92E,37.7749,-122.4194,25000,2600,False
491,ACC-413C88BC0E,42.3601,-71.0589,10000,420,False
492,ACC-C9AD9F5AC8,42.3601,-71.0589,25000,2330,False
493,ACC-7B34CFA87D,47.6062,-122.3321,25000,1375,False
494,ACC-95B1DF7506,37.7749,-122.4194,5000,2723,False
495,ACC-4F408A585A,33.4484,-112.074,25000,3389,False
496,ACC-29E2D40CC8,29.4241,-98.4936,10000,1954,False
497,ACC-AE2D982154,34.0522,-118.2437,10000,402,False
498,ACC-94F366A602,39.9526,-75.1652,1000,1753,False
499,ACC-18D3F34FCB,42.3601,-71.0589,50000,475,False
500,ACC-8C40632E60,29.4241,-98.4936,5000,1657,False
501,ACC-A9BF55CA74,34.0522,-118.2437,1000,251,True
502,ACC-3987CA7B15,37.7749,-122.4194,10000,2348,False
503,ACC-B0D71603E7,33.749,-84.388,5000,1153,False
504,ACC-4D5758913D,42.3601,-71.0589,5000,759,False
505,ACC-405AB7FE35,33.4484,-112.074,10000,92,False
506,ACC-0E20018C03,29.4241,-98.4936,5000,3244,False
507,ACC-310EC3C5D3,32.7157,-117.1611,25000,3060,False
508,ACC-F34C6BC3CB,29.7604,-95.3698,5000,2968,False
509,ACC-11494BD79A,33.4484,-112.074,10000,240,False
510,ACC-6A9634B282,29.7604,-95.3698,10000,1295,False
511,ACC-D6C6DB5AD6,33.749,-84.388,10000,3546,False
512,ACC-9601257D46,47.6062,-122.3321,10000,2124,False
513,ACC-C0CCBE7469,39.7392,-104.9903,10000,495,False
514,ACC-9EDC2B7724,39.7392,-104.9903,50000,540,False
515,ACC-D50CE6AD68,33.749,-84.388,5000,982,False
516,ACC-441421D53D,34.0522,-118.2437,5000,3549,False
517,ACC-32BB1BA7FD,42.3601,-71.0589,10000,643,False
518,ACC-4DCB13512E,40.7128,-74.006,25000,3298,False
519,ACC-5978206790,32.7157,-117.1611,1000,2484,False
520,ACC-9093AF434B,32.7767,-96.797,10000,3367,False
521,ACC-B40FF7B827,39.9526,-75.1652,25000,3020,False
522,ACC-4D9B27119A,41.8781,-87.6298,10000,1232,False
523,ACC-50C16EEBA3,41.8781,-87.6298,50000,3026,False
524,ACC-ED6CAC5DF7,39.7392,-104.9903,10000,642,False
525,ACC-21B1C7C8B5,33.4484,-112.074,10000,1083,False
526,ACC-7CDD76A2B1,33.4484,-112.074,5000,796,False
527,ACC-3746B6EC5D,42.3601,-71.0589,25000,512,False
528,ACC-BBEA700E1C,41.8781,-87.6298,5000,355,False
529,ACC-78669638BA,42.3601,-71.0589,10000,708,False
530,ACC-E63345B5E5,42.3601,-71.0589,10000,464,False
531,ACC-4D8D480455,32.7767,-96.797,10000,1407,False
532,ACC-C95C79149A,41.8781,-87.6298,10000,288,False
533,ACC-0A1323197D,41.8781,-87.6298,10000,251,False
534,ACC-287AF0EEC4,33.4484,-112.074,25000,3613,True
535,ACC-0CA190AF86,32.7767,-96.797,10000,347,False
536,ACC-28287D63B0,41.8781,-87.6298,10000,298,False
537,ACC-9878BE1BAA,29.4241,-98.4936,5000,138,False
538,ACC-46BF7DBF12,34.0522,-118.2437,10000,509,False
539,ACC-8F9B0FA511,32.7767,-96.797,10000,1941,True
540,ACC-1A14F43413,40.7128,-74.006,5000,3024,False
541,ACC-E582253440,25.7617,-80.1918,1000,2690,False
542,ACC-DBFB0535DF,40.7128,-74.006,10000,2130,False
543,ACC-098475CFE6,41.8781,-87.6298,10000,337,False
544,ACC-F4F584C094,41.8781,-87.6298,10000,2833,False
545,ACC-64CA3BA36B,39.7392,-104.9903,1000,164,False
546,ACC-479D6889FF,40.7128,-74.006,5000,2313,False
547,ACC-14D6E385AF,29.4241,-98.4936,5000,1511,False
548,ACC-B68997FC7D,32.7767,-96.797,25000,3223,False
549,ACC-3399323B29,32.7157,-117.1611,25000,1143,False
550,ACC-FC07B6AA5F,25.7617,-80.1918,5000,2341,False
551,ACC-8B106A80E5,39.7392,-104.9903,10000,1622,False
552,ACC-00EB143B20,39.9526,-75.1652,5000,1920,False
553,ACC-360BE95DBE,39.7392,-104.9903,5000,3428,False
554,ACC-B830F01A78,33.4484,-112.074,5000,2610,False
555,ACC-A792D23944,33.749,-84.388,5000,1530,False
556,ACC-1A27A2B742,32.7157,-117.1611,10000,1649,False
557,ACC-A226834CB0,47.6062,-122.3321,25000,2580,True
558,ACC-FCF9D09A3D,42.3601,-71.0589,5000,1282,False
559,ACC-B99154C25C,47.6062,-122.3321,10000,637,False
560,ACC-41E442A51B,39.7392,-104.9903,10000,1722,True
561,ACC-B354A9AA53,32.7767,-96.797,50000,276,False
562,ACC-451239E40E,40.7128,-74.006,10000,644,False
563,ACC-7CD4C7BD68,32.7157,-117.1611,5000,1552,False
564,ACC-198B2BF631,41.8781,-87.6298,10000,2913,False
565,ACC-1B08EB5CD3,42.3601,-71.0589,5000,2858,False
566,ACC-B87119DA27,29.7604,-95.3698,50000,973,False
567,ACC-80D957BACF,29.7604,-95.3698,5000,1557,True
568,ACC-9C6574C0FA,29.7604,-95.3698,10000,585,False
569,ACC-BC261664DF,37.7749,-122.4194,1000,2763,False
570,ACC-201116B291,32.7767,-96.797,10000,921,False
571,ACC-D910831157,33.749,-84.388,25000,2924,True
572,ACC-5502615822,29.4241,-98.4936,10000,3078,False
573,ACC-78F48973A5,33.4484,-112.074,10000,2524,False
574,ACC-5054540CE4,40.7128,-74.006,25000,1225,False
575,ACC-719923117F,40.7128,-74.006,25000,3479,False
576,ACC-23728AB75C,39.9526,-75.1652,5000,2513,False
577,ACC-B6F60E5350,42.3601,-71.0589,10000,2367,False
578,ACC-0F31172C23,32.7157,-117.1611,10000,3130,False
579,ACC-3EFF9FDE4B,42.3601,-71.0589,10000,3220,False
580,ACC-3AD82ED1BA,34.0522,-118.2437,5000,311,False
581,ACC-5DC7BC78BE,34.0522,-118.2437,5000,3221,True
582,ACC-4507E39F7A,39.7392,-104.9903,25000,2799,False
583,ACC-2A227EC500,34.0522,-118.2437,25000,777,False
584,ACC-F943D28334,40.7128,-74.006,25000,1143,False
585,ACC-4141FE1E93,29.4241,-98.4936,50000,2754,True
586,ACC-37777F43ED,42.3601,-71.0589,10000,814,False
587,ACC-BE58274EEA,25.7617,-80.1918,25000,1667,False
588,ACC-B4E3AC8762,34.0522,-118.2437,25000,2523,False
589,ACC-DCBD1638B4,39.7392,-104.9903,10000,2384,False
590,ACC-4ADAFE125A,39.7392,-104.9903,10000,3323,False
591,ACC-015641648A,39.7392,-104.9903,5000,433,False
592,ACC-54FA659D1B,42.3601,-71.0589,10000,1097,False
593,ACC-E93CABD56F,29.7604,-95.3698,5000,3595,False
594,ACC-24393ADBE4,33.749,-84.388,5000,2089,False
595,ACC-84C7FF45EB,33.4484,-112.074,10000,930,False
596,ACC-01858933C2,39.7392,-104.9903,10000,1079,False
597,ACC-97D40992D3,32.7767,-96.797,5000,1257,False
598,ACC-4C6EE4054D,47.6062,-122.3321,25000,2036,False
599,ACC-980EE8D31E,37.7749,-122.4194,25000,1060,False
600,ACC-912E3CEF93,37.7749,-122.4194,5000,2281,False
601,ACC-A0333CAECC,37.7749,-122.4194,1000,1641,False
602,ACC-B12987907A,47.6062,-122.3321,5000,2239,False
603,ACC-0FF99C3CA3,47.6062,-122.3321,25000,591,False
604,ACC-F39BFBC13D,41.8781,-87.6298,25000,2287,False
605,ACC-7CE31A3ACE,39.7392,-104.9903,5000,3377,True
606,ACC-A16B947F55,32.7767,-96.797,25000,518,False
607,ACC-E3667D235B,33.4484,-112.074,5000,1215,False
608,ACC-76F81FD065,32.7157,-117.1611,5000,2540,False
609,ACC-4E57169452,33.749,-84.388,50000,2265,False
610,ACC-5CF6DFB270,39.7392,-104.9903,5000,2472,False
611,ACC-8D36FF7EA9,39.7392,-104.9903,5000,2055,False
612,ACC-A9012C75EA,29.4241,-98.4936,10000,2500,False
613,ACC-B615058650,47.6062,-122.3321,10000,2235,False
614,ACC-288F7EF8E3,39.9526,-75.1652,25000,298,False
615,ACC-3BE3203E9C,25.7617,-80.1918,50000,2749,False
616,ACC-59CEF6759B,37.7749,-122.4194,1000,1647,False
617,ACC-7FE31A7452,29.7604,-95.3698,5000,216,False
618,ACC-DEF7D93DF7,29.7604,-95.3698,25000,1510,False
619,ACC-3A2E948E83,40.7128,-74.006,5000,1605,False
620,ACC-FE85D8AB37,41.8781,-87.6298,25000,343,False
621,ACC-C6B27390C7,29.4241,-98.4936,10000,3635,False
622,ACC-848BAD2B0D,32.7157,-117.1611,5000,834,False
623,ACC-63F98D6ADE,41.8781,-87.6298,25000,1226,False
624,ACC-F57A1D0AD1,29.4241,-98.4936,5000,1626,False
625,ACC-31501F7959,37.7749,-122.4194,10000,3043,False
626,ACC-AB582BD495,29.7604,-95.3698,10000,2719,False
627,ACC-3048CBBFE3,39.9526,-75.1652,10000,2820,False
628,ACC-6513893324,39.9526,-75.1652,10000,888,False
629,ACC-D7EE3DFFBC,32.7157,-117.1611,10000,3090,False
630,ACC-B7DCC71D1F,39.9526,-75.1652,50000,3033,False
631,ACC-0E17DCF5D9,47.6062,-122.3321,50000,1709,False
632,ACC-7B120D5A02,33.4484,-112.074,10000,2005,False
633,ACC-E1EF794D8D,29.4241,-98.4936,1000,164,False
634,ACC-6EDE1FECB0,39.9526,-75.1652,10000,2782,False
635,ACC-80DBE125F2,41.8781,-87.6298,50000,3508,False
636,ACC-8F85F15EF9,25.7617,-80.1918,5000,1740,False
637,ACC-DE538EFE2D,29.7604,-95.3698,10000,1986,False
638,ACC-0FF89D37BB,33.4484,-112.074,10000,1837,False
639,ACC-F9B3EF096D,47.6062,-122.3321,1000,329,False
640,ACC-648C9ECF50,33.749,-84.388,10000,2273,False
641,ACC-F8F147FC34,25.7617,-80.1918,5000,2641,False
642,ACC-BFBD6EFFD8,42.3601,-71.0589,25000,3389,False
643,ACC-DDE848D66F,39.7392,-104.9903,25000,3395,False
644,ACC-226B79BB4F,32.7157,-117.1611,25000,1810,False
645,ACC-D5BEE33A51,47.6062,-122.3321,10000,3501,False
646,ACC-CDDBF2D748,33.4484,-112.074,5000,1943,False
647,ACC-D564B32C53,29.4241,-98.4936,10000,2354,False
648,ACC-3D4AC87C98,32.7767,-96.797,25000,2209,False
649,ACC-F00E72DBE7,33.749,-84.388,10000,3645,False
650,ACC-39E5DCEC3C,39.7392,-104.9903,25000,2699,False
651,ACC-D21ADAB7C0,32.7157,-117.1611,5000,464,False
652,ACC-3FABCEABBD,37.7749,-122.4194,25000,290,False
653,ACC-0A368B587E,29.7604,-95.3698,1000,1513,False
654,ACC-14A378A97B,39.7392,-104.9903,5000,1896,False
655,ACC-81B9723686,32.7767,-96.797,10000,2450,False
656,ACC-A8BC2A5F2F,32.7157,-117.1611,1000,1773,False
657,ACC-1AADE0385B,47.6062,-122.3321,1000,1892,False
658,ACC-3854EF8316,37.7749,-122.4194,1000,3366,False
659,ACC-B69586F897,34.0522,-118.2437,10000,1242,False
660,ACC-2C674537F2,33.4484,-112.074,25000,1816,False
661,ACC-46248FB8CA,41.8781,-87.6298,1000,2047,False
662,ACC-D72FBB3EBC,47.6062,-122.3321,10000,1725,False
663,ACC-2FF4C75F1E,40.7128,-74.006,25000,3534,False
664,ACC-9448F315D6,29.7604,-95.3698,5000,3513,False
665,ACC-97CD3E08C2,32.7767,-96.797,5000,1887,False
666,ACC-04BF778035,25.7617,-80.1918,25000,1661,False
667,ACC-D0F9478A53,32.7157,-117.1611,25000,2162,False
668,ACC-D1784FC344,39.7392,-104.9903,10000,684,False
669,ACC-7DEC4676CF,42.3601,-71.0589,25000,1572,False
670,ACC-68AFC5E2A2,34.0522,-118.2437,1000,815,False
671,ACC-A666131D4C,33.749,-84.388,5000,551,False
672,ACC-7CF37AD934,37.7749,-122.4194,10000,374,False
673,ACC-BC00D13DB9,37.7749,-122.4194,5000,2155,False
674,ACC-2AAC488695,34.0522,-118.2437,25000,32,False
675,ACC-36351E5961,37.7749,-122.4194,10000,2369,False
676,ACC-A0B230011C,25.7617,-80.1918,25000,1593,False
677,ACC-AEE6079F3C,32.7767,-96.797,10000,1356,False
678,ACC-764CAE6F3B,34.0522,-118.2437,5000,2814,False
679,ACC-744FEE428D,32.7157,-117.1611,5000,1980,False
680,ACC-336864D94B,33.749,-84.388,5000,2685,False
681,ACC-36BB53A2A4,25.7617,-80.1918,25000,2598,False
682,ACC-03C9F928B6,41.8781,-87.6298,5000,146,False
683,ACC-146E8CDB81,33.749,-84.388,1000,810,False
684,ACC-5DA9217478,33.749,-84.388,5000,2093,False
685,ACC-DEF162F472,41.8781,-87.6298,5000,3561,False
686,ACC-9329514855,39.7392,-104.9903,25000,588,False
687,ACC-94CE4ADF04,29.4241,-98.4936,5000,412,False
688,ACC-9ECC3D5F31,32.7767,-96.797,50000,3436,False
689,ACC-A06EF77D6C,29.4241,-98.4936,5000,3529,False
690,ACC-4D05BCFFD0,47.6062,-122.3321,10000,635,False
691,ACC-6CDB253E52,33.749,-84.388,10000,1484,False
692,ACC-88A0C82558,47.6062,-122.3321,5000,2298,False
693,ACC-82A51DFCB8,42.3601,-71.0589,25000,736,False
694,ACC-FB6655A1ED,33.749,-84.388,50000,1210,False
695,ACC-1A9FC8EF5E,34.0522,-118.2437,25000,1460,False
696,ACC-AEA8118AEF,29.7604,-95.3698,5000,2352,False
697,ACC-E641B9C0CA,25.7617,-80.1918,5000,1145,False
698,ACC-DD3FA130A6,32.7767,-96.797,10000,1522,True
699,ACC-AD715ADA62,40.7128,-74.006,5000,1078,False
700,ACC-F2C829ED6B,34.0522,-118.2437,10000,2779,False
701,ACC-476901EE29,32.7157,-117.1611,10000,583,False
702,ACC-AB4540F0E1,37.7749,-122.4194,10000,865,False
703,ACC-AB76FF9C74,41.8781,-87.6298,25000,934,False
704,ACC-9A07D046D5,41.8781,-87.6298,10000,3308,False
705,ACC-5924570E32,34.0522,-118.2437,1000,3449,False
706,ACC-979B34B1D7,32.7767,-96.797,1000,1840,False
707,ACC-200AB51B8D,40.7128,-74.006,10000,596,False
708,ACC-BDD5D14E8D,32.7767,-96.797,10000,2767,False
709,ACC-19D34059A3,32.7157,-117.1611,5000,1811,False
710,ACC-92DEF49289,29.4241,-98.4936,10000,3106,False
711,ACC-52ED967BDB,25.7617,-80.1918,25000,1333,False
712,ACC-431814501B,32.7157,-117.1611,25000,3645,False
713,ACC-2E5D3B7335,25.7617,-80.1918,10000,2951,False
714,ACC-9CA72FCB93,47.6062,-122.3321,5000,840,False
715,ACC-F42A58FFB0,42.3601,-71.0589,5000,2656,False
716,ACC-B6A3BC6336,47.6062,-122.3321,10000,1068,False
717,ACC-C56F8D25C8,32.7157,-117.1611,5000,1296,False
718,ACC-8802A4D287,32.7157,-117.1611,10000,936,False
719,ACC-8BF010E5B4,29.7604,-95.3698,10000,2499,True
720,ACC-148ADF07A8,32.7767,-96.797,1000,981,False
721,ACC-BB0E847622,41.8781,-87.6298,1000,2342,False
722,ACC-61838EE74F,42.3601,-71.0589,5000,2138,False
723,ACC-7ABB17C1BF,39.7392,-104.9903,25000,2747,False
724,ACC-E0F5762890,34.0522,-118.2437,10000,3626,False
725,ACC-FE7FDFEC0A,47.6062,-122.3321,5000,61,False
726,ACC-7FDA7545F4,34.0522,-118.2437,25000,3614,False
727,ACC-4C789FE832,25.7617,-80.1918,10000,425,False
728,ACC-F0601B6A44,34.0522,-118.2437,10000,1936,False
729,ACC-72ECE36BD3,32.7157,-117.1611,25000,1264,False
730,ACC-8C304FD486,37.7749,-122.4194,1000,2343,False
731,ACC-419A943325,25.7617,-80.1918,5000,2642,True
732,ACC-8552A32A02,29.4241,-98.4936,10000,3143,False
733,ACC-4091982646,42.3601,-71.0589,5000,1485,False
734,ACC-D73F560109,47.6062,-122.3321,10000,3407,False
735,ACC-4EA1FD0D29,29.7604,-95.3698,5000,1197,False
736,ACC-04F4C2370C,25.7617,-80.1918,1000,767,False
737,ACC-9324408CA4,25.7617,-80.1918,5000,1402,False
738,ACC-7E0D05AE83,39.9526,-75.1652,10000,1943,False
739,ACC-049E9B39A4,47.6062,-122.3321,5000,2448,False
740,ACC-C8204AF2A4,42.3601,-71.0589,5000,3044,False
741,ACC-41C950A384,39.7392,-104.9903,25000,843,False
742,ACC-C2B9609C88,47.6062,-122.3321,5000,1127,False
743,ACC-7FD976C248,37.7749,-122.4194,5000,3428,False
744,ACC-1920536C2D,33.4484,-112.074,1000,1622,False
745,ACC-41B94E72B6,47.6062,-122.3321,5000,904,False
746,ACC-9BB8FFDC0A,39.9526,-75.1652,5000,3597,False
747,ACC-B119F1BBD7,32.7157,-117.1611,10000,1655,False
748,ACC-5717E3CA62,33.4484,-112.074,5000,3595,False
749,ACC-EF15478EE4,33.4484,-112.074,25000,3357,False
750,ACC-507437A18A,41.8781,-87.6298,25000,3310,True
751,ACC-12DFFFEA6F,33.749,-84.388,1000,2136,False
752,ACC-5B2905F0E7,41.8781,-87.6298,5000,2920,False
753,ACC-3CCF10EB27,34.0522,-118.2437,5000,3507,False
754,ACC-B1D138AA25,33.749,-84.388,10000,1004,False
755,ACC-F7AA89119F,32.7767,-96.797,5000,166,False
756,ACC-E83A06A833,29.4241,-98.4936,25000,1191,False
757,ACC-08B16290B4,47.6062,-122.3321,25000,2335,False
758,ACC-A8E7FA948C,39.9526,-75.1652,25000,2011,False
759,ACC-D2B176D9A3,34.0522,-118.2437,10000,321,False
760,ACC-4E7259A84A,25.7617,-80.1918,50000,2060,False
761,ACC-A9240444F1,41.8781,-87.6298,1000,661,False
762,ACC-822579BE03,32.7767,-96.797,10000,1859,False
763,ACC-E076B0B7AF,33.749,-84.388,5000,2114,False
764,ACC-0E26A5EA76,33.749,-84.388,25000,2334,False
765,ACC-3290FC222B,39.9526,-75.1652,10000,1523,False
766,ACC-04362070D8,47.6062,-122.3321,25000,1508,False
767,ACC-6B5A2788F2,37.7749,-122.4194,5000,2486,False
768,ACC-298798026F,32.7157,-117.1611,50000,2742,False
769,ACC-3951A9DFEF,41.8781,-87.6298,10000,2954,False
770,ACC-8E616F39E1,39.9526,-75.1652,10000,1237,False
771,ACC-337A5238F2,37.7749,-122.4194,50000,1565,False
772,ACC-34497CED2D,33.749,-84.388,5000,1227,False
773,ACC-4ECB3EDE31,40.7128,-74.006,5000,1939,False
774,ACC-8E6EF5CEFC,25.7617,-80.1918,10000,490,True
775,ACC-7F76B81656,39.7392,-104.9903,5000,1586,False
776,ACC-97A2256F09,33.749,-84.388,5000,713,False
777,ACC-27D5C4F9D0,29.4241,-98.4936,5000,1957,False
778,ACC-8D8920FEDE,34.0522,-118.2437,5000,3108,False
779,ACC-F01B5F35D3,33.4484,-112.074,25000,3597,False
780,ACC-2CE6A613BB,39.7392,-104.9903,10000,1645,False
781,ACC-C5FE9CEA8C,42.3601,-71.0589,5000,233,False
782,ACC-3FCD0152D9,37.7749,-122.4194,10000,854,False
783,ACC-62CB30639D,34.0522,-118.2437,10000,409,False
784,ACC-183BB871D1,34.0522,-118.2437,10000,2778,False
785,ACC-05F63BB8C5,32.7157,-117.1611,25000,3594,False
786,ACC-052DBAA388,32.7767,-96.797,25000,2035,False
787,ACC-8ADC98B372,40.7128,-74.006,5000,670,False
788,ACC-270272C7EA,25.7617,-80.1918,5000,106,False
789,ACC-1863C36F72,32.7767,-96.797,10000,3563,False
790,ACC-86CCE1C553,40.7128,-74.006,10000,1175,False
791,ACC-41959CB450,34.0522,-118.2437,10000,435,False
792,ACC-D3BCAF54DC,29.4241,-98.4936,10000,670,False
793,ACC-4AFA986D8B,25.7617,-80.1918,10000,954,False
794,ACC-CFB7A0089E,39.7392,-104.9903,5000,2404,False
795,ACC-86F4CB4FF7,29.4241,-98.4936,5000,3258,False
796,ACC-BFD1E6CC3D,33.4484,-112.074,5000,1025,False
797,ACC-F16191742E,33.749,-84.388,1000,2517,False
798,ACC-518C4A1F2F,29.4241,-98.4936,5000,265,False
799,ACC-E8F6FF3C60,33.4484,-112.074,10000,66,False
800,ACC-14C16F1F6A,29.4241,-98.4936,5000,228,False
801,ACC-39A5317D4B,40.7128,-74.006,5000,3371,False
802,ACC-03F8AB7CBB,33.4484,-112.074,10000,2135,False
803,ACC-C16453A814,32.7157,-117.1611,25000,2944,False
804,ACC-D8C457ED0D,42.3601,-71.0589,5000,108,False
805,ACC-BBA264BD27,47.6062,-122.3321,25000,110,False
806,ACC-5F68B663B1,47.6062,-122.3321,25000,3102,False
807,ACC-C25A572F3D,32.7767,-96.797,10000,401,False
808,ACC-7248C7756F,34.0522,-118.2437,10000,592,False
809,ACC-017FC7BC13,39.9526,-75.1652,1000,1908,False
810,ACC-366ABCC993,33.749,-84.388,25000,2225,False
811,ACC-AAC8B5FCA6,40.7128,-74.006,5000,858,True
812,ACC-D11198B26A,42.3601,-71.0589,25000,1639,False
813,ACC-DDB95850CB,25.7617,-80.1918,10000,2473,False
814,ACC-BACF191512,33.4484,-112.074,1000,1633,True
815,ACC-8BAB082434,47.6062,-122.3321,1000,1415,True
816,ACC-3796C1FC58,39.7392,-104.9903,10000,289,False
817,ACC-C8189BA0A1,40.7128,-74.006,10000,1665,False
818,ACC-3135F9C78B,34.0522,-118.2437,1000,2935,False
819,ACC-7FBE584A1A,37.7749,-122.4194,10000,2298,False
820,ACC-70B626C5E0,33.749,-84.388,25000,3262,False
821,ACC-7C64E1442E,40.7128,-74.006,10000,486,False
822,ACC-65A66E8260,37.7749,-122.4194,10000,69,False
823,ACC-90B521615A,41.8781,-87.6298,1000,2014,False
824,ACC-CF907C52FA,37.7749,-122.4194,25000,676,False
825,ACC-DE23A4A456,37.7749,-122.4194,5000,2180,False
826,ACC-8D09A9D305,34.0522,-118.2437,25000,3302,False
827,ACC-D96968333B,25.7617,-80.1918,5000,1250,False
828,ACC-9514558444,42.3601,-71.0589,10000,2019,False
829,ACC-C9179445FC,39.7392,-104.9903,5000,2497,False
830,ACC-925F974002,40.7128,-74.006,5000,573,False
831,ACC-D92F811B5E,29.7604,-95.3698,25000,3278,False
832,ACC-7134D54C11,29.7604,-95.3698,10000,764,False
833,ACC-9EEDEE1CA1,29.4241,-98.4936,10000,2955,False
834,ACC-791DF437B6,41.8781,-87.6298,50000,2419,False
835,ACC-B17BD12F73,39.7392,-104.9903,50000,540,False
836,ACC-9185DF6F13,47.6062,-122.3321,25000,2653,False
837,ACC-1DA6190D5A,39.7392,-104.9903,5000,741,False
838,ACC-0A6B1EBCFA,41.8781,-87.6298,10000,2199,False
839,ACC-7094F74ACC,40.7128,-74.006,25000,3504,False
840,ACC-AC6A9C7834,42.3601,-71.0589,5000,3480,True
841,ACC-A14E5EF843,33.4484,-112.074,5000,3183,False
842,ACC-67D9BECE3A,37.7749,-122.4194,25000,1818,False
843,ACC-11DD074936,42.3601,-71.0589,10000,2055,False
844,ACC-089F4F9FF4,40.7128,-74.006,10000,1116,False
845,ACC-1FBDDC3A54,40.7128,-74.006,50000,3363,False
846,ACC-3937E017B1,40.7128,-74.006,10000,1757,False
847,ACC-6D0B10743F,41.8781,-87.6298,10000,2823,False
848,ACC-07F0E4A726,40.7128,-74.006,5000,1331,False
849,ACC-7BD7BA482D,39.7392,-104.9903,10000,2710,False
850,ACC-28597FCC61,37.7749,-122.4194,5000,842,False
851,ACC-568A8815CF,33.749,-84.388,25000,2686,False
852,ACC-34B931D844,39.7392,-104.9903,25000,196,False
853,ACC-1F2F3528ED,33.749,-84.388,5000,409,False
854,ACC-9EBB9EEFB1,29.7604,-95.3698,5000,1305,False
855,ACC-5318F6CC35,33.4484,-112.074,25000,1774,False
856,ACC-441F8CC834,39.7392,-104.9903,1000,2605,False
857,ACC-77ABC3F733,29.7604,-95.3698,10000,1329,False
858,ACC-E4EB1DB47B,40.7128,-74.006,10000,96,False
859,ACC-DB12DC6C13,25.7617,-80.1918,10000,1207,False
860,ACC-8440A834FB,39.7392,-104.9903,5000,1619,False
861,ACC-24D197D986,33.749,-84.388,10000,1998,False
862,ACC-A9C362E8BC,42.3601,-71.0589,5000,2361,False
863,ACC-2A9EE1158F,34.0522,-118.2437,10000,926,False
864,ACC-4BCE751DA5,47.6062,-122.3321,1000,2239,False
865,ACC-2B37B047FB,39.7392,-104.9903,10000,2316,False
866,ACC-1422F99603,25.7617,-80.1918,10000,2841,False
867,ACC-D80AAC61AE,39.7392,-104.9903,5000,1919,False
868,ACC-6B04984E9A,39.7392,-104.9903,5000,2964,False
869,ACC-EDD27008A8,29.4241,-98.4936,5000,832,False
870,ACC-C16ED14E95,40.7128,-74.006,5000,2606,True
871,ACC-07C5B162B8,29.4241,-98.4936,1000,195,False
872,ACC-19D7090AAA,29.7604,-95.3698,25000,402,False
873,ACC-0CDCE27329,34.0522,-118.2437,10000,3160,True
874,ACC-25C359EF3C,34.0522,-118.2437,25000,1749,False
875,ACC-1FEF10F5DA,25.7617,-80.1918,50000,2277,False
876,ACC-186A6080F7,32.7157,-117.1611,1000,2214,False
877,ACC-694F6C3AF7,32.7767,-96.797,10000,2545,False
878,ACC-77170505DE,47.6062,-122.3321,25000,918,False
879,ACC-DC5B8634B5,32.7767,-96.797,10000,675,False
880,ACC-D7563634D2,37.7749,-122.4194,10000,184,True
881,ACC-24AD09C53E,34.0522,-118.2437,10000,3160,False
882,ACC-7D784B955B,39.7392,-104.9903,1000,839,False
883,ACC-C4F79EFE05,29.4241,-98.4936,10000,2112,False
884,ACC-60A3574961,41.8781,-87.6298,50000,1676,False
885,ACC-750A812D13,39.7392,-104.9903,50000,617,False
886,ACC-31C801556E,47.6062,-122.3321,1000,1528,False
887,ACC-02F4AE4CA4,40.7128,-74.006,10000,331,True
888,ACC-F00A9BF9F7,41.8781,-87.6298,5000,669,False
889,ACC-75B7E5A748,40.7128,-74.006,25000,535,False
890,ACC-7696B04728,33.4484,-112.074,1000,3014,False
891,ACC-1A9C4F5C39,34.0522,-118.2437,25000,2084,False
892,ACC-8DA5908E69,25.7617,-80.1918,25000,3380,False
893,ACC-BE45544C89,32.7157,-117.1611,5000,1608,False
894,ACC-24DD682928,33.749,-84.388,1000,758,False
895,ACC-59DDA1BAE7,47.6062,-122.3321,25000,2233,False
896,ACC-D922061F5F,37.7749,-122.4194,5000,3395,False
897,ACC-09AFD77EED,32.7157,-117.1611,10000,1957,False
898,ACC-81FCCF8AC1,40.7128,-74.006,25000,94,False
899,ACC-BCC1618C32,34.0522,-118.2437,10000,1129,False
900,ACC-3FE2EC2A01,37.7749,-122.4194,5000,3378,False
901,ACC-109F8631E5,40.7128,-74.006,10000,1906,False
902,ACC-4EA1D5E811,40.7128,-74.006,1000,3475,False
903,ACC-50C2BBFD82,29.7604,-95.3698,50000,1873,False
904,ACC-8DFD62DFFD,42.3601,-71.0589,5000,73,False
905,ACC-2B2D0DB7E6,29.4241,-98.4936,5000,3190,False
906,ACC-26584FD44F,25.7617,-80.1918,5000,2792,False
907,ACC-F8BF97DA8B,29.4241,-98.4936,50000,2619,False
908,ACC-A446B1644B,41.8781,-87.6298,1000,3542,False
909,ACC-AA389A45E6,39.9526,-75.1652,25000,740,False
910,ACC-BFF07C9DDF,34.0522,-118.2437,10000,3309,False
911,ACC-2EE9BA4D53,47.6062,-122.3321,25000,872,False
912,ACC-83EF141A71,41.8781,-87.6298,50000,3543,False
913,ACC-E19D277A38,39.9526,-75.1652,25000,722,False
914,ACC-07410DB047,33.749,-84.388,25000,2022,False
915,ACC-B180E4E751,32.7767,-96.797,5000,2887,False
916,ACC-E07E10CFC3,29.4241,-98.4936,25000,312,False
917,ACC-E480ABB4E1,32.7767,-96.797,10000,271,False
918,ACC-DC195E0BCB,47.6062,-122.3321,10000,3106,False
919,ACC-5AFAC8EC92,29.7604,-95.3698,25000,248,True
920,ACC-92A415721A,37.7749,-122.4194,50000,2252,False
921,ACC-D51014524B,42.3601,-71.0589,10000,3426,False
922,ACC-D317C2B753,32.7767,-96.797,10000,2255,True
923,ACC-E957EE4721,29.4241,-98.4936,10000,1771,False
924,ACC-212CA06564,41.8781,-87.6298,5000,1540,False
925,ACC-6ECFC9E5FC,29.7604,-95.3698,5000,2340,False
926,ACC-65C2C7DF57,33.749,-84.388,5000,2100,False
927,ACC-3A815FAACE,32.7767,-96.797,1000,1846,False
928,ACC-4B93CC97EE,33.4484,-112.074,1000,585,False
929,ACC-0BB6745723,29.4241,-98.4936,25000,2428,False
930,ACC-D2C829A5E3,32.7767,-96.797,10000,2707,False
931,ACC-0A425DB110,32.7767,-96.797,25000,2596,False
932,ACC-1167BA4DD1,25.7617,-80.1918,10000,301,False
933,ACC-58260DAE36,29.7604,-95.3698,1000,2574,False
934,ACC-873F2733A3,37.7749,-122.4194,5000,2671,False
935,ACC-1B4D8E1B04,29.4241,-98.4936,5000,693,False
936,ACC-2AA400545E,33.749,-84.388,50000,3103,False
937,ACC-CA4E284004,41.8781,-87.6298,5000,1926,False
938,ACC-A4F960C09B,41.8781,-87.6298,10000,1740,False
939,ACC-1C0FDAB23B,29.4241,-98.4936,25000,2646,False
940,ACC-1F6D0B6C99,32.7157,-117.1611,50000,1875,True
941,ACC-CBFC9705AC,25.7617,-80.1918,5000,2001,False
942,ACC-D657560B91,29.4241,-98.4936,1000,1160,False
943,ACC-1D453EA368,42.3601,-71.0589,5000,3388,False
944,ACC-5BC18C3D8D,32.7157,-117.1611,1000,3539,False
945,ACC-95E05616D1,34.0522,-118.2437,5000,502,False
946,ACC-8D9C7EDAB1,34.0522,-118.2437,10000,2683,False
947,ACC-200DDC6B10,33.749,-84.388,25000,114,False
948,ACC-B7125B95C6,41.8781,-87.6298,10000,1365,False
949,ACC-84A969C19F,33.749,-84.388,10000,3541,False
950,ACC-7723F35E92,33.4484,-112.074,5000,662,False
951,ACC-94A8E17BD5,34.0522,-118.2437,25000,1394,False
952,ACC-E5A194EC5A,33.4484,-112.074,10000,824,False
953,ACC-C9FB599C1B,37.7749,-122.4194,25000,2666,False
954,ACC-CB6C105551,29.4241,-98.4936,25000,1709,False
955,ACC-FC48407DEC,47.6062,-122.3321,5000,2177,False
956,ACC-45E304B75A,37.7749,-122.4194,1000,3442,False
957,ACC-BBF5A9CA79,29.4241,-98.4936,5000,1916,False
958,ACC-45ABF0E5CB,37.7749,-122.4194,10000,2687,True
959,ACC-338B5DC29B,33.749,-84.388,25000,384,False
960,ACC-0BB4E2E300,29.4241,-98.4936,5000,809,False
961,ACC-BAB935257E,41.8781,-87.6298,25000,3457,False
962,ACC-8367ACFDFD,29.4241,-98.4936,10000,3141,False
963,ACC-918DF427EE,39.7392,-104.9903,5000,2407,False
964,ACC-1A1504E9E8,29.7604,-95.3698,5000,1399,False
965,ACC-2DB60674E2,33.749,-84.388,10000,753,False
966,ACC-D75AC4C009,32.7767,-96.797,10000,3113,False
967,ACC-672A5B248F,37.7749,-122.4194,10000,2872,False
968,ACC-83D27BC252,33.4484,-112.074,5000,904,False
969,ACC-316DC24A1D,42.3601,-71.0589,10000,2165,False
970,ACC-C18084F07D,40.7128,-74.006,5000,2269,False
971,ACC-3F5AA0D17C,33.4484,-112.074,25000,1758,False
972,ACC-2CA78A7523,29.4241,-98.4936,5000,3384,False
973,ACC-7A318C416F,32.7157,-117.1611,5000,479,False
974,ACC-77E124889C,32.7157,-117.1611,10000,963,False
975,ACC-84F915260E,41.8781,-87.6298,10000,374,False
976,ACC-D88028A6C5,29.7604,-95.3698,10000,2538,False
977,ACC-BE7B53CA1F,34.0522,-118.2437,10000,2361,False
978,ACC-5F980DAE6B,32.7767,-96.797,50000,3604,False
979,ACC-C75883B894,39.9526,-75.1652,10000,1993,False
980,ACC-550700341E,32.7767,-96.797,10000,575,False
981,ACC-9C0487F39C,32.7767,-96.797,10000,1662,False
982,ACC-FAA157D353,25.7617,-80.1918,1000,350,False
983,ACC-EB3D2CE992,32.7767,-96.797,10000,2458,False
984,ACC-692AE7A7AD,37.7749,-122.4194,5000,2470,False
985,ACC-9D2E9B98D0,32.7767,-96.797,10000,3134,False
986,ACC-C35CD2A05D,37.7749,-122.4194,1000,1259,False
987,ACC-492F81C006,37.7749,-122.4194,50000,1152,False
988,ACC-4579BCEB15,33.4484,-112.074,10000,287,False
989,ACC-A36F7A16D9,29.7604,-95.3698,25000,1532,False
990,ACC-ED7521C927,47.6062,-122.3321,10000,1750,False
991,ACC-00A3A7EF47,39.9526,-75.1652,1000,2761,False
992,ACC-41F147DD36,32.7767,-96.797,25000,2758,False
993,ACC-F128405CC6,41.8781,-87.6298,10000,537,False
994,ACC-C78DBEFFC3,29.4241,-98.4936,25000,1062,False
995,ACC-869A626B39,32.7157,-117.1611,10000,1881,False
996,ACC-5D3FD7D316,37.7749,-122.4194,10000,1242,False
997,ACC-1092FE16B6,32.7157,-117.1611,25000,122,False
998,ACC-7279D432FB,39.9526,-75.1652,10000,3091,False
999,ACC-72B26F3C78,33.749,-84.388,5000,2677,False
1000,ACC-2DF2097C02,32.7157,-117.1611,10000,1912,False
