location_key,lat_bin,lon_bin,transaction_count,fraud_count,avg_amount,fraud_rate
1,6.5,3.3,1,1,7397.68,1.0
2,6.6,3.4,1,1,12306.46,1.0
3,24.6,46.6,1,1,8249.56,1.0
4,24.6,46.7,1,1,3204.2,1.0
5,24.7,46.7,3,3,6803.053333333333,1.0
6,24.7,46.8,2,2,8134.969999999999,1.0
7,24.8,46.7,1,1,9544.9,1.0
8,25.6,-80.3,97,0,163.55463917525773,0.0
9,25.6,-80.2,135,0,164.65533333333335,0.0
10,25.6,-80.1,113,0,119.38327433628318,0.0
11,25.6,-80.0,3,0,199.33,0.0
12,25.7,-80.3,276,0,186.73148550724636,0.0
13,25.7,-80.2,349,10,143.65203438395415,0.0287
14,25.7,-80.1,348,0,136.77954022988504,0.0
15,25.7,-80.0,31,0,125.64483870967742,0.0
16,25.8,-80.3,316,0,150.7263924050633,0.0
17,25.8,-80.2,337,35,157.00486646884272,0.1039
18,25.8,-80.1,324,0,142.47376543209876,0.0
19,25.8,-80.0,25,0,94.42880000000001,0.0
20,25.9,-80.3,184,0,150.78875,0.0
21,25.9,-80.2,175,0,151.11125714285714,0.0
22,25.9,-80.1,196,0,135.41969387755103,0.0
23,25.9,-80.0,15,0,68.22866666666667,0.0
24,29.3,-98.6,317,0,168.37022082018927,0.0
25,29.3,-98.5,337,0,146.42412462908013,0.0
26,29.3,-98.4,334,0,156.39694610778443,0.0
27,29.3,-98.3,20,0,140.21949999999998,0.0
28,29.4,-98.6,367,0,151.33065395095366,0.0
29,29.4,-98.5,472,49,172.22069915254238,0.1038
30,29.4,-98.4,480,0,137.967,0.0
31,29.4,-98.3,27,0,137.73777777777778,0.0
32,29.5,-98.6,405,0,149.19009876543208,0.0
33,29.5,-98.5,442,0,179.79282805429864,0.0
34,29.5,-98.4,434,0,147.9223732718894,0.0
35,29.5,-98.3,13,0,151.71692307692308,0.0
36,29.6,-98.6,82,0,132.50926829268292,0.0
37,29.6,-98.5,109,0,186.13394495412845,0.0
38,29.6,-98.4,120,0,111.42441666666667,0.0
39,29.6,-98.3,4,0,59.83,0.0
40,29.6,-95.5,70,0,158.89,0.0
41,29.6,-95.4,131,0,131.0267175572519,0.0
42,29.6,-95.3,99,0,125.36232323232323,0.0
43,29.6,-95.2,37,0,103.41972972972974,0.0
44,29.7,-95.5,193,0,143.41481865284976,0.0
45,29.7,-95.4,234,0,154.41713675213674,0.0
46,29.7,-95.3,270,0,141.3051851851852,0.0
47,29.7,-95.2,90,0,179.75333333333336,0.0
48,29.8,-95.5,177,0,141.74610169491527,0.0
49,29.8,-95.4,281,14,139.1361209964413,0.0498
50,29.8,-95.3,266,0,140.20206766917292,0.0
51,29.8,-95.2,70,0,120.11514285714286,0.0
52,29.9,-95.5,123,0,151.269918699187,0.0
53,29.9,-95.4,160,0,201.99525,0.0
54,29.9,-95.3,143,0,152.43671328671329,0.0
55,29.9,-95.2,49,0,130.49408163265306,0.0
56,32.6,-117.3,210,0,191.6505238095238,0.0
57,32.6,-117.2,292,0,141.916301369863,0.0
58,32.6,-117.1,327,0,139.41235474006115,0.0
59,32.6,-117.0,133,0,175.6554135338346,0.0
60,32.6,-96.9,73,0,130.57643835616437,0.0
61,32.6,-96.8,89,0,120.12179775280899,0.0
62,32.6,-96.7,83,0,148.0710843373494,0.0
63,32.6,-96.6,4,0,73.74499999999999,0.0
64,32.7,-117.3,243,0,142.80880658436215,0.0
65,32.7,-117.2,363,0,147.78953168044077,0.0
66,32.7,-117.1,376,0,149.41784574468085,0.0
67,32.7,-117.0,149,0,147.55214765100672,0.0
68,32.7,-96.9,348,0,152.4419540229885,0.0
69,32.7,-96.8,372,0,140.27889784946237,0.0
70,32.7,-96.7,382,0,139.95803664921468,0.0
71,32.7,-96.6,7,0,263.60285714285715,0.0
72,32.8,-117.3,219,0,146.9986301369863,0.0
73,32.8,-117.2,361,0,150.12914127423824,0.0
74,32.8,-117.1,403,0,175.7968982630273,0.0
75,32.8,-117.0,126,0,158.3515873015873,0.0
76,32.8,-96.9,362,0,159.17154696132596,0.0
77,32.8,-96.8,377,16,158.55716180371354,0.0424
78,32.8,-96.7,397,0,134.8007556675063,0.0
79,32.8,-96.6,10,0,78.89500000000001,0.0
80,32.8,-96.4,1,1,3618.61,1.0
81,32.9,-117.3,36,0,137.91305555555556,0.0
82,32.9,-117.2,55,0,155.62054545454544,0.0
83,32.9,-117.1,69,0,151.77463768115942,0.0
84,32.9,-117.0,13,0,159.73846153846154,0.0
85,32.9,-97.1,1,1,3892.24,1.0
86,32.9,-96.9,270,0,170.03459259259262,0.0
87,32.9,-96.8,278,0,133.77093525179856,0.0
88,32.9,-96.7,301,0,143.15033222591362,0.0
89,32.9,-96.6,9,0,81.69555555555556,0.0
90,33.2,-111.7,1,1,2620.7,1.0
91,33.3,-112.2,142,0,119.83098591549296,0.0
92,33.3,-112.1,182,0,154.9389010989011,0.0
93,33.3,-112.0,192,0,148.0165625,0.0
94,33.3,-111.9,61,0,131.71967213114755,0.0
95,33.4,-112.2,268,0,147.8338432835821,0.0
96,33.4,-112.1,352,0,135.41485795454545,0.0
97,33.4,-112.0,364,0,141.67568681318681,0.0
98,33.4,-111.9,114,0,113.52842105263157,0.0
99,33.5,-112.2,261,0,119.64854406130269,0.0
100,33.5,-112.1,388,0,146.39296391752578,0.0
101,33.5,-112.0,406,0,152.50864532019705,0.0
102,33.5,-111.9,118,0,168.1293220338983,0.0
103,33.6,-112.3,1,1,3958.58,1.0
104,33.6,-112.2,148,0,133.7993918918919,0.0
105,33.6,-112.1,200,0,136.3806,0.0
106,33.6,-112.0,186,0,149.9978494623656,0.0
107,33.6,-111.9,48,0,150.40166666666667,0.0
108,33.6,-84.5,176,0,152.7540909090909,0.0
109,33.6,-84.4,192,0,175.30036458333333,0.0
110,33.6,-84.3,190,0,143.81300000000002,0.0
111,33.6,-84.2,18,0,184.07944444444445,0.0
112,33.7,-111.9,1,1,938.96,1.0
113,33.7,-84.5,346,0,151.01453757225434,0.0
114,33.7,-84.4,342,0,170.32973684210526,0.0
115,33.7,-84.3,347,0,176.13706051873197,0.0
116,33.7,-84.2,37,0,173.65945945945947,0.0
117,33.8,-84.5,291,0,177.04048109965635,0.0
118,33.8,-84.4,357,0,142.05605042016808,0.0
119,33.8,-84.3,361,0,162.94429362880885,0.0
120,33.8,-84.2,46,0,145.0971739130435,0.0
121,33.9,-118.4,92,0,126.97608695652173,0.0
122,33.9,-118.3,227,0,132.25409691629957,0.0
123,33.9,-118.2,228,1,187.57842105263157,0.0044
124,33.9,-118.1,111,0,166.118018018018,0.0
125,33.9,-84.5,168,0,144.39916666666667,0.0
126,33.9,-84.4,178,0,174.6088764044944,0.0
127,33.9,-84.3,191,0,155.0619371727749,0.0
128,33.9,-84.2,13,0,79.21076923076923,0.0
129,34.0,-118.4,189,0,138.14735449735448,0.0
130,34.0,-118.3,419,2,138.78300715990454,0.0048
131,34.0,-118.2,391,6,159.87092071611252,0.0153
132,34.0,-118.1,228,0,152.9530263157895,0.0
133,34.1,-118.4,175,0,140.19154285714285,0.0
134,34.1,-118.3,384,2,141.92104166666667,0.0052
135,34.1,-118.2,400,12,154.7796,0.03
136,34.1,-118.1,224,0,151.35642857142855,0.0
137,34.2,-118.4,113,0,122.21920353982301,0.0
138,34.2,-118.3,230,0,150.17991304347825,0.0
139,34.2,-118.2,221,0,142.39348416289593,0.0
140,34.2,-118.1,116,0,149.95275862068965,0.0
141,37.6,-122.6,15,0,131.35333333333335,0.0
142,37.6,-122.5,90,0,150.9228888888889,0.0
143,37.6,-122.4,96,0,124.36395833333334,0.0
144,37.6,-122.3,69,0,127.4340579710145,0.0
145,37.7,-122.9,1,1,3493.64,1.0
146,37.7,-122.6,67,0,136.71850746268655,0.0
147,37.7,-122.5,382,0,170.20905759162304,0.0
148,37.7,-122.4,340,0,155.28973529411766,0.0
149,37.7,-122.3,317,0,144.95094637223974,0.0
150,37.8,-122.6,57,0,155.49508771929823,0.0
151,37.8,-122.5,358,0,157.58117318435754,0.0
152,37.8,-122.4,344,0,154.26566860465115,0.0
153,37.8,-122.3,279,0,134.8178136200717,0.0
154,37.9,-122.6,60,0,175.05266666666665,0.0
155,37.9,-122.5,284,0,150.06781690140846,0.0
156,37.9,-122.4,270,0,123.5875925925926,0.0
157,37.9,-122.3,229,0,122.81196506550218,0.0
158,39.6,-105.1,216,0,146.1671296296296,0.0
159,39.6,-105.0,219,0,167.85858447488584,0.0
160,39.6,-104.9,229,0,155.7525327510917,0.0
161,39.6,-104.8,25,0,219.09879999999998,0.0
162,39.7,-105.1,340,0,134.3831470588235,0.0
163,39.7,-105.0,416,0,140.7618269230769,0.0
164,39.7,-104.9,375,0,147.76712,0.0
165,39.7,-104.8,37,0,150.72783783783785,0.0
166,39.8,-105.1,352,0,136.1180965909091,0.0
167,39.8,-105.0,373,0,160.99672922252012,0.0
168,39.8,-104.9,392,0,140.03336734693877,0.0
169,39.8,-104.8,35,0,190.07714285714286,0.0
170,39.8,-75.3,56,0,148.61267857142857,0.0
171,39.8,-75.2,92,0,135.1263043478261,0.0
172,39.8,-75.1,88,0,170.23761363636365,0.0
173,39.8,-75.0,36,0,129.4463888888889,0.0
174,39.8,116.4,1,1,7027.09,1.0
175,39.9,-105.1,156,0,123.26551282051284,0.0
176,39.9,-105.0,156,0,135.68416666666667,0.0
177,39.9,-104.9,119,0,138.20142857142858,0.0
178,39.9,-104.8,13,0,197.56538461538463,0.0
179,39.9,-75.3,154,0,134.5218181818182,0.0
180,39.9,-75.2,229,12,107.21301310043668,0.0524
181,39.9,-75.1,256,0,129.2737890625,0.0
182,39.9,-75.0,73,0,130.56835616438354,0.0
183,39.9,116.3,1,1,6248.05,1.0
184,39.9,116.4,4,4,3696.68,1.0
185,39.9,116.5,3,3,5436.733333333334,1.0
186,40.0,-75.3,140,0,158.39142857142858,0.0
187,40.0,-75.2,254,25,131.99464566929134,0.0984
188,40.0,-75.1,211,0,139.0290047393365,0.0
189,40.0,-75.0,75,0,181.89413333333331,0.0
190,40.0,116.4,1,1,1077.89,1.0
191,40.1,-75.3,77,0,101.21532467532468,0.0
192,40.1,-75.2,99,0,134.3661616161616,0.0
193,40.1,-75.1,123,0,126.82845528455285,0.0
194,40.1,-75.0,45,0,128.92755555555556,0.0
195,40.6,-74.2,23,0,156.05565217391305,0.0
196,40.6,-74.1,262,0,148.68713740458014,0.0
197,40.6,-74.0,269,0,146.55609665427508,0.0
198,40.6,-73.9,267,0,136.30153558052436,0.0
199,40.7,-74.2,19,0,214.94894736842107,0.0
200,40.7,-74.1,316,0,145.94949367088608,0.0
201,40.7,-74.0,349,19,148.11083094555875,0.0544
202,40.7,-73.9,305,0,160.4371475409836,0.0
203,40.8,-74.2,19,0,240.80473684210526,0.0
204,40.8,-74.1,321,0,149.0088473520249,0.0
205,40.8,-74.0,299,0,158.54682274247492,0.0
206,40.8,-73.9,284,0,147.4316549295775,0.0
207,40.9,-74.2,3,0,74.45333333333333,0.0
208,40.9,-74.1,42,0,158.37785714285715,0.0
209,40.9,-74.0,39,0,190.49333333333334,0.0
210,40.9,-73.9,46,0,140.83565217391305,0.0
211,41.7,-87.8,21,0,169.74666666666667,0.0
212,41.7,-87.7,101,0,126.10742574257426,0.0
213,41.7,-87.6,97,1,189.00536082474227,0.0103
214,41.7,-87.5,58,0,118.64913793103449,0.0
215,41.8,-87.8,120,0,142.49474999999998,0.0
216,41.8,-87.7,388,0,143.31404639175258,0.0
217,41.8,-87.6,408,0,159.3509068627451,0.0
218,41.8,-87.5,292,0,144.82530821917808,0.0
219,41.9,-87.8,104,0,188.08548076923077,0.0
220,41.9,-87.7,398,0,146.66484924623117,0.0
221,41.9,-87.6,458,17,140.78563318777293,0.0371
222,41.9,-87.5,302,0,156.12235099337747,0.0
223,42.0,-87.8,88,0,126.46636363636362,0.0
224,42.0,-87.7,316,0,181.08104430379748,0.0
225,42.0,-87.6,335,0,155.1522985074627,0.0
226,42.0,-87.5,212,0,136.4775,0.0
227,42.2,-71.2,55,0,149.884,0.0
228,42.2,-71.1,108,0,188.1999074074074,0.0
229,42.2,-71.0,141,0,169.4855319148936,0.0
230,42.2,-70.9,66,0,102.1780303030303,0.0
231,42.3,-71.2,179,0,138.69061452513967,0.0
232,42.3,-71.1,334,0,142.31655688622754,0.0
233,42.3,-71.0,316,0,193.3282911392405,0.0
234,42.3,-70.9,119,0,163.0510924369748,0.0
235,42.4,-71.2,195,0,142.90841025641026,0.0
236,42.4,-71.1,288,0,166.23927083333334,0.0
237,42.4,-71.0,284,0,156.61669014084507,0.0
238,42.4,-70.9,148,0,145.00040540540542,0.0
239,42.5,-71.2,106,0,185.9066037735849,0.0
240,42.5,-71.1,159,0,137.1625786163522,0.0
241,42.5,-71.0,195,0,134.04364102564102,0.0
242,42.5,-70.9,80,0,103.04,0.0
243,47.3,-122.4,1,1,1624.62,1.0
244,47.5,-122.5,128,0,169.484140625,0.0
245,47.5,-122.4,427,0,137.32749414519907,0.0
246,47.5,-122.3,389,0,131.96164524421593,0.0
247,47.5,-122.2,291,0,141.87625429553265,0.0
248,47.6,-122.5,123,1,166.1820325203252,0.0081
249,47.6,-122.4,407,1,165.79100737100737,0.0025
250,47.6,-122.3,492,57,156.21975609756097,0.1159
251,47.6,-122.2,294,0,131.95948979591836,0.0
252,47.7,-122.5,133,0,158.7124812030075,0.0
253,47.7,-122.4,420,0,140.19847619047619,0.0
254,47.7,-122.3,467,0,141.96805139186296,0.0
255,47.7,-122.2,269,0,129.791375464684,0.0
256,47.8,-122.5,6,0,123.78666666666668,0.0
257,47.8,-122.4,20,0,146.97650000000002,0.0
258,47.8,-122.3,29,0,137.05379310344827,0.0
259,47.8,-122.2,17,0,142.01,0.0
260,51.4,-0.0,1,1,12560.64,1.0
261,51.5,-0.2,2,2,3254.5649999999996,1.0
262,51.5,-0.1,2,2,6767.24,1.0
263,55.7,37.5,1,1,5347.57,1.0
264,55.7,37.6,2,2,6071.345,1.0
265,55.7,37.7,3,3,8115.663333333334,1.0
266,55.8,37.6,1,1,1338.94,1.0
267,55.8,37.7,2,2,5357.165,1.0
